{
    "44987": {
        "GradientRFRBoost_ID_batchnormFalse": {
            "score_train": [
                0.08288655430078506,
                0.09189016371965408,
                0.09130226820707321,
                0.09423006325960159,
                0.10379056632518768
            ],
            "score_test": [
                0.2319418340921402,
                0.14181101322174072,
                0.21483257412910461,
                0.1556481122970581,
                0.2133283168077469
            ],
            "t_fit": [
                0.706388559192419,
                1.0101196989417076,
                1.0691455341875553,
                1.5404141321778297,
                0.7032898515462875
            ],
            "t_inference": [
                0.09614783152937889,
                0.1204722635447979,
                0.13279858231544495,
                0.18508834391832352,
                0.08753229305148125
            ],
            "hyperparams": [
                {
                    "in_dim": 39,
                    "out_dim": 1,
                    "feature_type": "SWIM",
                    "upscale_type": "identity",
                    "randfeat_xt_dim": 512,
                    "randfeat_x0_dim": 512,
                    "activation": "tanh",
                    "use_batchnorm": false,
                    "add_features": false,
                    "n_layers": 7,
                    "l2_reg": 0.00023237774212428927,
                    "l2_ghat": 0.006162160873245067,
                    "boost_lr": 0.3200645917572944,
                    "hidden_dim": 39,
                    "SWIM_scale": 1.9028393538006072
                },
                {
                    "in_dim": 39,
                    "out_dim": 1,
                    "feature_type": "SWIM",
                    "upscale_type": "identity",
                    "randfeat_xt_dim": 512,
                    "randfeat_x0_dim": 512,
                    "activation": "tanh",
                    "use_batchnorm": false,
                    "add_features": false,
                    "n_layers": 9,
                    "l2_reg": 7.102827824868613,
                    "l2_ghat": 0.00888714499028057,
                    "boost_lr": 0.8148473318784377,
                    "hidden_dim": 39,
                    "SWIM_scale": 1.4292810490220997
                },
                {
                    "in_dim": 39,
                    "out_dim": 1,
                    "feature_type": "SWIM",
                    "upscale_type": "identity",
                    "randfeat_xt_dim": 512,
                    "randfeat_x0_dim": 512,
                    "activation": "tanh",
                    "use_batchnorm": false,
                    "add_features": false,
                    "n_layers": 10,
                    "l2_reg": 0.06841339048401979,
                    "l2_ghat": 0.0040478905543221465,
                    "boost_lr": 0.2686447376712025,
                    "hidden_dim": 39,
                    "SWIM_scale": 1.7546472829629516
                },
                {
                    "in_dim": 39,
                    "out_dim": 1,
                    "feature_type": "SWIM",
                    "upscale_type": "identity",
                    "randfeat_xt_dim": 512,
                    "randfeat_x0_dim": 512,
                    "activation": "tanh",
                    "use_batchnorm": false,
                    "add_features": false,
                    "n_layers": 8,
                    "l2_reg": 0.23647409177771267,
                    "l2_ghat": 0.009625086693546569,
                    "boost_lr": 0.5790622913021669,
                    "hidden_dim": 39,
                    "SWIM_scale": 1.7411686116048712
                },
                {
                    "in_dim": 39,
                    "out_dim": 1,
                    "feature_type": "SWIM",
                    "upscale_type": "identity",
                    "randfeat_xt_dim": 512,
                    "randfeat_x0_dim": 512,
                    "activation": "tanh",
                    "use_batchnorm": false,
                    "add_features": false,
                    "n_layers": 7,
                    "l2_reg": 1.821281438777209e-05,
                    "l2_ghat": 0.004751070171680235,
                    "boost_lr": 0.21382620672952904,
                    "hidden_dim": 39,
                    "SWIM_scale": 1.6849071283308046
                }
            ]
        }
    }
}