{
    "44975": {
        "RFNN": {
            "score_train": [
                0.027865447103977203,
                0.022259702906012535,
                0.027245482429862022,
                0.026105675846338272,
                0.02758062072098255
            ],
            "score_test": [
                0.02182517759501934,
                0.041374750435352325,
                0.020055659115314484,
                0.025196922942996025,
                0.023649172857403755
            ],
            "t_fit": [
                0.07987792417407036,
                0.10176787711679935,
                0.07267590472474694,
                0.07498378772288561,
                0.0823061098344624
            ],
            "t_inference": [
                0.027714143972843885,
                0.039331874810159206,
                0.020376242231577635,
                0.02424512943252921,
                0.024191887117922306
            ],
            "hyperparams": [
                {
                    "n_layers": 0,
                    "in_dim": 48,
                    "out_dim": 1,
                    "upscale_type": "SWIM",
                    "activation": "tanh",
                    "use_batchnorm": false,
                    "l2_reg": 1.0471826500547542e-05,
                    "hidden_dim": 455,
                    "SWIM_scale": 0.43258005882303097
                },
                {
                    "n_layers": 0,
                    "in_dim": 48,
                    "out_dim": 1,
                    "upscale_type": "SWIM",
                    "activation": "tanh",
                    "use_batchnorm": false,
                    "l2_reg": 1.5519590237731786e-05,
                    "hidden_dim": 461,
                    "SWIM_scale": 0.29297565512355
                },
                {
                    "n_layers": 0,
                    "in_dim": 48,
                    "out_dim": 1,
                    "upscale_type": "SWIM",
                    "activation": "tanh",
                    "use_batchnorm": false,
                    "l2_reg": 1.0808685612876286e-05,
                    "hidden_dim": 501,
                    "SWIM_scale": 0.4921953246992721
                },
                {
                    "n_layers": 0,
                    "in_dim": 48,
                    "out_dim": 1,
                    "upscale_type": "SWIM",
                    "activation": "tanh",
                    "use_batchnorm": false,
                    "l2_reg": 1.0187919926726989e-05,
                    "hidden_dim": 427,
                    "SWIM_scale": 0.4214186046390494
                },
                {
                    "n_layers": 0,
                    "in_dim": 48,
                    "out_dim": 1,
                    "upscale_type": "SWIM",
                    "activation": "tanh",
                    "use_batchnorm": false,
                    "l2_reg": 1.5178904094004867e-05,
                    "hidden_dim": 506,
                    "SWIM_scale": 0.2525947314677929
                }
            ]
        }
    }
}