{
    "45012": {
        "GreedyRFRBoostDiag_batchnormFalse": {
            "score_train": [
                0.30600035190582275,
                0.31292927265167236,
                0.31005701422691345,
                0.29743707180023193,
                0.31657811999320984
            ],
            "score_test": [
                0.3282690644264221,
                0.37255221605300903,
                0.34626325964927673,
                0.3244294226169586,
                0.3213561773300171
            ],
            "t_fit": [
                1.9834225848317146,
                1.9472524747252464,
                2.5348413288593292,
                3.8337754607200623,
                2.3445808067917824
            ],
            "t_inference": [
                0.8309550806879997,
                0.8299228549003601,
                1.0283339321613312,
                3.133443057537079,
                0.7988945469260216
            ],
            "hyperparams": [
                {
                    "in_dim": 190,
                    "out_dim": 1,
                    "feature_type": "SWIM",
                    "upscale_type": "SWIM",
                    "randfeat_xt_dim": 512,
                    "randfeat_x0_dim": 512,
                    "sandwich_solver": "diag",
                    "activation": "tanh",
                    "use_batchnorm": false,
                    "add_features": false,
                    "n_layers": 9,
                    "l2_reg": 0.0025738691849346773,
                    "l2_ghat": 0.0001415348255662479,
                    "boost_lr": 0.9963672059161286,
                    "hidden_dim": 391,
                    "SWIM_scale": 1.3749790336695868
                },
                {
                    "in_dim": 190,
                    "out_dim": 1,
                    "feature_type": "SWIM",
                    "upscale_type": "SWIM",
                    "randfeat_xt_dim": 512,
                    "randfeat_x0_dim": 512,
                    "sandwich_solver": "diag",
                    "activation": "tanh",
                    "use_batchnorm": false,
                    "add_features": false,
                    "n_layers": 6,
                    "l2_reg": 0.0015884196288134228,
                    "l2_ghat": 5.141918176970311,
                    "boost_lr": 0.7720563684349775,
                    "hidden_dim": 506,
                    "SWIM_scale": 1.697787687504247
                },
                {
                    "in_dim": 190,
                    "out_dim": 1,
                    "feature_type": "SWIM",
                    "upscale_type": "SWIM",
                    "randfeat_xt_dim": 512,
                    "randfeat_x0_dim": 512,
                    "sandwich_solver": "diag",
                    "activation": "tanh",
                    "use_batchnorm": false,
                    "add_features": false,
                    "n_layers": 10,
                    "l2_reg": 0.001791576820601298,
                    "l2_ghat": 5.535953231941949e-05,
                    "boost_lr": 0.42664519244258897,
                    "hidden_dim": 360,
                    "SWIM_scale": 0.9727959506637661
                },
                {
                    "in_dim": 190,
                    "out_dim": 1,
                    "feature_type": "SWIM",
                    "upscale_type": "SWIM",
                    "randfeat_xt_dim": 512,
                    "randfeat_x0_dim": 512,
                    "sandwich_solver": "diag",
                    "activation": "tanh",
                    "use_batchnorm": false,
                    "add_features": false,
                    "n_layers": 10,
                    "l2_reg": 0.00437538783179605,
                    "l2_ghat": 1.2791038949086434e-05,
                    "boost_lr": 0.3950594527762865,
                    "hidden_dim": 375,
                    "SWIM_scale": 1.373040571046575
                },
                {
                    "in_dim": 190,
                    "out_dim": 1,
                    "feature_type": "SWIM",
                    "upscale_type": "SWIM",
                    "randfeat_xt_dim": 512,
                    "randfeat_x0_dim": 512,
                    "sandwich_solver": "diag",
                    "activation": "tanh",
                    "use_batchnorm": false,
                    "add_features": false,
                    "n_layers": 9,
                    "l2_reg": 0.0008667410833066859,
                    "l2_ghat": 0.0003546243320623721,
                    "boost_lr": 0.3345277242491822,
                    "hidden_dim": 357,
                    "SWIM_scale": 1.4304969674045218
                }
            ]
        }
    }
}