{
    "44980": {
        "GreedyRFRBoostDense_ID_batchnormFalse": {
            "score_train": [
                0.23160696029663086,
                0.22496911883354187,
                0.23718248307704926,
                0.23145721852779388,
                0.23084890842437744
            ],
            "score_test": [
                0.31468111276626587,
                0.31362223625183105,
                0.30778414011001587,
                0.33115553855895996,
                0.32491376996040344
            ],
            "t_fit": [
                7.194691486656666,
                3.783985573798418,
                4.764812029898167,
                6.204839635640383,
                6.740429427474737
            ],
            "t_inference": [
                0.8950136266648769,
                0.4142563231289387,
                0.4267873913049698,
                0.5878907330334187,
                0.8346721976995468
            ],
            "hyperparams": [
                {
                    "in_dim": 8,
                    "out_dim": 1,
                    "feature_type": "SWIM",
                    "upscale_type": "identity",
                    "randfeat_xt_dim": 512,
                    "randfeat_x0_dim": 512,
                    "sandwich_solver": "dense",
                    "activation": "tanh",
                    "use_batchnorm": false,
                    "add_features": false,
                    "n_layers": 7,
                    "l2_reg": 0.00013861360760309747,
                    "l2_ghat": 1.748552850791745e-05,
                    "boost_lr": 0.3175445812356929,
                    "hidden_dim": 8,
                    "SWIM_scale": 0.9395730486244639
                },
                {
                    "in_dim": 8,
                    "out_dim": 1,
                    "feature_type": "SWIM",
                    "upscale_type": "identity",
                    "randfeat_xt_dim": 512,
                    "randfeat_x0_dim": 512,
                    "sandwich_solver": "dense",
                    "activation": "tanh",
                    "use_batchnorm": false,
                    "add_features": false,
                    "n_layers": 8,
                    "l2_reg": 0.0012086877500178288,
                    "l2_ghat": 3.229137970115223e-05,
                    "boost_lr": 0.49865301946718826,
                    "hidden_dim": 8,
                    "SWIM_scale": 0.8521557300873712
                },
                {
                    "in_dim": 8,
                    "out_dim": 1,
                    "feature_type": "SWIM",
                    "upscale_type": "identity",
                    "randfeat_xt_dim": 512,
                    "randfeat_x0_dim": 512,
                    "sandwich_solver": "dense",
                    "activation": "tanh",
                    "use_batchnorm": false,
                    "add_features": false,
                    "n_layers": 7,
                    "l2_reg": 0.03099853911805955,
                    "l2_ghat": 1.0581564913196341e-05,
                    "boost_lr": 0.34021293031635125,
                    "hidden_dim": 8,
                    "SWIM_scale": 0.8282380853538758
                },
                {
                    "in_dim": 8,
                    "out_dim": 1,
                    "feature_type": "SWIM",
                    "upscale_type": "identity",
                    "randfeat_xt_dim": 512,
                    "randfeat_x0_dim": 512,
                    "sandwich_solver": "dense",
                    "activation": "tanh",
                    "use_batchnorm": false,
                    "add_features": false,
                    "n_layers": 7,
                    "l2_reg": 0.0003448104851296709,
                    "l2_ghat": 1.0333649238710657e-05,
                    "boost_lr": 0.3425838399491021,
                    "hidden_dim": 8,
                    "SWIM_scale": 0.8263940879373504
                },
                {
                    "in_dim": 8,
                    "out_dim": 1,
                    "feature_type": "SWIM",
                    "upscale_type": "identity",
                    "randfeat_xt_dim": 512,
                    "randfeat_x0_dim": 512,
                    "sandwich_solver": "dense",
                    "activation": "tanh",
                    "use_batchnorm": false,
                    "add_features": false,
                    "n_layers": 7,
                    "l2_reg": 0.008056651016140469,
                    "l2_ghat": 1.1339751707773853e-05,
                    "boost_lr": 0.40284126650940616,
                    "hidden_dim": 8,
                    "SWIM_scale": 0.8225653028080311
                }
            ]
        }
    }
}