{
    "44964": {
        "GreedyRFRBoostScalar_batchnormFalse_featiid": {
            "score_train": [
                0.4280465543270111,
                0.4284627139568329,
                0.42164212465286255,
                0.41730353236198425,
                0.42143872380256653
            ],
            "score_test": [
                0.411118745803833,
                0.4370953142642975,
                0.4575342535972595,
                0.4629020094871521,
                0.45544904470443726
            ],
            "t_fit": [
                2.1120213828980923,
                1.199346650391817,
                0.9916662313044071,
                1.5580395571887493,
                3.210187964141369
            ],
            "t_inference": [
                1.7098897844552994,
                0.905595988035202,
                0.7148023694753647,
                1.1717985346913338,
                2.5442065075039864
            ],
            "hyperparams": [
                {
                    "in_dim": 81,
                    "out_dim": 1,
                    "feature_type": "iid",
                    "upscale_type": "SWIM",
                    "randfeat_xt_dim": 512,
                    "randfeat_x0_dim": 512,
                    "sandwich_solver": "scalar",
                    "activation": "tanh",
                    "use_batchnorm": false,
                    "add_features": false,
                    "n_layers": 10,
                    "l2_reg": 1.0117069955886558e-05,
                    "l2_ghat": 1.0679720680053304e-05,
                    "boost_lr": 0.9929525415604106,
                    "hidden_dim": 506,
                    "iid_scale": 3.402939238138879
                },
                {
                    "in_dim": 81,
                    "out_dim": 1,
                    "feature_type": "iid",
                    "upscale_type": "SWIM",
                    "randfeat_xt_dim": 512,
                    "randfeat_x0_dim": 512,
                    "sandwich_solver": "scalar",
                    "activation": "tanh",
                    "use_batchnorm": false,
                    "add_features": false,
                    "n_layers": 6,
                    "l2_reg": 1.0117069955886558e-05,
                    "l2_ghat": 6.896662878515867e-05,
                    "boost_lr": 0.8329885426042106,
                    "hidden_dim": 506,
                    "iid_scale": 2.0517791451991236
                },
                {
                    "in_dim": 81,
                    "out_dim": 1,
                    "feature_type": "iid",
                    "upscale_type": "SWIM",
                    "randfeat_xt_dim": 512,
                    "randfeat_x0_dim": 512,
                    "sandwich_solver": "scalar",
                    "activation": "tanh",
                    "use_batchnorm": false,
                    "add_features": false,
                    "n_layers": 8,
                    "l2_reg": 1.1613185470835574e-05,
                    "l2_ghat": 1.268114644341536e-05,
                    "boost_lr": 0.8478770610920479,
                    "hidden_dim": 511,
                    "iid_scale": 3.716587811189847
                },
                {
                    "in_dim": 81,
                    "out_dim": 1,
                    "feature_type": "iid",
                    "upscale_type": "SWIM",
                    "randfeat_xt_dim": 512,
                    "randfeat_x0_dim": 512,
                    "sandwich_solver": "scalar",
                    "activation": "tanh",
                    "use_batchnorm": false,
                    "add_features": false,
                    "n_layers": 8,
                    "l2_reg": 1.1613185470835574e-05,
                    "l2_ghat": 1.268114644341536e-05,
                    "boost_lr": 0.8478770610920479,
                    "hidden_dim": 511,
                    "iid_scale": 3.716587811189847
                },
                {
                    "in_dim": 81,
                    "out_dim": 1,
                    "feature_type": "iid",
                    "upscale_type": "SWIM",
                    "randfeat_xt_dim": 512,
                    "randfeat_x0_dim": 512,
                    "sandwich_solver": "scalar",
                    "activation": "tanh",
                    "use_batchnorm": false,
                    "add_features": false,
                    "n_layers": 10,
                    "l2_reg": 1.1769658897684505e-05,
                    "l2_ghat": 1.606916240790938e-05,
                    "boost_lr": 0.9941307995400901,
                    "hidden_dim": 505,
                    "iid_scale": 3.559891344492102
                }
            ]
        }
    }
}