{
    "44976": {
        "GreedyRFRBoostDiag_batchnormFalse": {
            "score_train": [
                0.12721796333789825,
                0.13131096959114075,
                0.13718236982822418,
                0.12340206652879715,
                0.13356803357601166
            ],
            "score_test": [
                0.16496075689792633,
                0.17395725846290588,
                0.17244701087474823,
                0.19145812094211578,
                0.18049824237823486
            ],
            "t_fit": [
                3.3034508749842644,
                3.892037056386471,
                2.7534764632582664,
                3.9345750585198402,
                3.4500627741217613
            ],
            "t_inference": [
                1.387392669916153,
                1.5000980198383331,
                1.1594582051038742,
                1.5485807582736015,
                1.477839656174183
            ],
            "hyperparams": [
                {
                    "in_dim": 21,
                    "out_dim": 1,
                    "feature_type": "SWIM",
                    "upscale_type": "SWIM",
                    "randfeat_xt_dim": 512,
                    "randfeat_x0_dim": 512,
                    "sandwich_solver": "diag",
                    "activation": "tanh",
                    "use_batchnorm": false,
                    "add_features": false,
                    "n_layers": 10,
                    "l2_reg": 0.00015233984173366837,
                    "l2_ghat": 1.0691028538019861e-05,
                    "boost_lr": 0.9984077374463438,
                    "hidden_dim": 512,
                    "SWIM_scale": 1.3284276047980033
                },
                {
                    "in_dim": 21,
                    "out_dim": 1,
                    "feature_type": "SWIM",
                    "upscale_type": "SWIM",
                    "randfeat_xt_dim": 512,
                    "randfeat_x0_dim": 512,
                    "sandwich_solver": "diag",
                    "activation": "tanh",
                    "use_batchnorm": false,
                    "add_features": false,
                    "n_layers": 10,
                    "l2_reg": 0.00014654577402540794,
                    "l2_ghat": 2.55032115143763e-05,
                    "boost_lr": 0.8668510173511229,
                    "hidden_dim": 472,
                    "SWIM_scale": 1.5713245642448312
                },
                {
                    "in_dim": 21,
                    "out_dim": 1,
                    "feature_type": "SWIM",
                    "upscale_type": "SWIM",
                    "randfeat_xt_dim": 512,
                    "randfeat_x0_dim": 512,
                    "sandwich_solver": "diag",
                    "activation": "tanh",
                    "use_batchnorm": false,
                    "add_features": false,
                    "n_layers": 9,
                    "l2_reg": 0.0001660817661281852,
                    "l2_ghat": 1.3318375920226603e-05,
                    "boost_lr": 0.927197553815903,
                    "hidden_dim": 475,
                    "SWIM_scale": 1.1548027000663492
                },
                {
                    "in_dim": 21,
                    "out_dim": 1,
                    "feature_type": "SWIM",
                    "upscale_type": "SWIM",
                    "randfeat_xt_dim": 512,
                    "randfeat_x0_dim": 512,
                    "sandwich_solver": "diag",
                    "activation": "tanh",
                    "use_batchnorm": false,
                    "add_features": false,
                    "n_layers": 10,
                    "l2_reg": 5.715833182369565e-05,
                    "l2_ghat": 5.460399763935308e-05,
                    "boost_lr": 0.8713133757396926,
                    "hidden_dim": 512,
                    "SWIM_scale": 1.86401243379991
                },
                {
                    "in_dim": 21,
                    "out_dim": 1,
                    "feature_type": "SWIM",
                    "upscale_type": "SWIM",
                    "randfeat_xt_dim": 512,
                    "randfeat_x0_dim": 512,
                    "sandwich_solver": "diag",
                    "activation": "tanh",
                    "use_batchnorm": false,
                    "add_features": false,
                    "n_layers": 10,
                    "l2_reg": 0.0002715691272893372,
                    "l2_ghat": 2.9461029725881128e-05,
                    "boost_lr": 0.8246922136568552,
                    "hidden_dim": 506,
                    "SWIM_scale": 1.576921940593271
                }
            ]
        }
    }
}