{
    "44974": {
        "End2End_cpu": {
            "score_train": [
                0.09669065475463867,
                0.12193184345960617,
                0.09235741943120956,
                0.08959953486919403,
                0.11146775633096695
            ],
            "score_test": [
                0.14840048551559448,
                0.1701728105545044,
                0.17397789657115936,
                0.15305796265602112,
                0.14260561764240265
            ],
            "t_fit": [
                14.247885279357433,
                16.270121067762375,
                12.382789254188538,
                29.667427204549313,
                11.35596127808094
            ],
            "t_inference": [
                0.05408594757318497,
                0.06578230112791061,
                0.03375726193189621,
                0.13520018011331558,
                0.035883694887161255
            ],
            "hyperparams": [
                {
                    "in_dim": 24,
                    "out_dim": 1,
                    "loss": "mse",
                    "bottleneck_dim": 512,
                    "n_blocks": 2,
                    "hidden_dim": 32,
                    "lr": 0.013752630678487716,
                    "end_lr_factor": 0.014261450283908954,
                    "n_epochs": 48,
                    "weight_decay": 0.00032699949214107964,
                    "batch_size": 128
                },
                {
                    "in_dim": 24,
                    "out_dim": 1,
                    "loss": "mse",
                    "bottleneck_dim": 512,
                    "n_blocks": 1,
                    "hidden_dim": 174,
                    "lr": 0.014114896213504813,
                    "end_lr_factor": 0.060439591996492174,
                    "n_epochs": 48,
                    "weight_decay": 0.0002801313583761039,
                    "batch_size": 128
                },
                {
                    "in_dim": 24,
                    "out_dim": 1,
                    "loss": "mse",
                    "bottleneck_dim": 512,
                    "n_blocks": 2,
                    "hidden_dim": 20,
                    "lr": 0.009129133853657746,
                    "end_lr_factor": 0.03068335854297934,
                    "n_epochs": 50,
                    "weight_decay": 0.0001432155354689652,
                    "batch_size": 128
                },
                {
                    "in_dim": 24,
                    "out_dim": 1,
                    "loss": "mse",
                    "bottleneck_dim": 512,
                    "n_blocks": 5,
                    "hidden_dim": 44,
                    "lr": 0.03359643496360011,
                    "end_lr_factor": 0.038792451277623874,
                    "n_epochs": 50,
                    "weight_decay": 0.00010825665468243468,
                    "batch_size": 128
                },
                {
                    "in_dim": 24,
                    "out_dim": 1,
                    "loss": "mse",
                    "bottleneck_dim": 512,
                    "n_blocks": 1,
                    "hidden_dim": 85,
                    "lr": 0.036633873012014824,
                    "end_lr_factor": 0.02506283157674993,
                    "n_epochs": 50,
                    "weight_decay": 0.0004685313810009079,
                    "batch_size": 128
                }
            ]
        }
    }
}