{
    "45012": {
        "End2End_cpu": {
            "score_train": [
                0.2976648211479187,
                0.2756667733192444,
                0.2670762538909912,
                0.26001256704330444,
                0.29212409257888794
            ],
            "score_test": [
                0.3408784568309784,
                0.38269567489624023,
                0.34233322739601135,
                0.32183077931404114,
                0.32713544368743896
            ],
            "t_fit": [
                28.01753681153059,
                1.7496788203716278,
                3.7722820192575455,
                4.13304503262043,
                47.2045700289309
            ],
            "t_inference": [
                0.4247702695429325,
                0.04581329599022865,
                0.046639684587717056,
                0.0739775113761425,
                0.7715085409581661
            ],
            "hyperparams": [
                {
                    "in_dim": 190,
                    "out_dim": 1,
                    "loss": "mse",
                    "bottleneck_dim": 512,
                    "n_blocks": 10,
                    "hidden_dim": 70,
                    "lr": 0.006932585325085726,
                    "end_lr_factor": 0.040812382759650614,
                    "n_epochs": 32,
                    "weight_decay": 8.871272121953547e-06,
                    "batch_size": 512
                },
                {
                    "in_dim": 190,
                    "out_dim": 1,
                    "loss": "mse",
                    "bottleneck_dim": 512,
                    "n_blocks": 1,
                    "hidden_dim": 54,
                    "lr": 0.003700994515469686,
                    "end_lr_factor": 0.03607710154236629,
                    "n_epochs": 10,
                    "weight_decay": 0.00011143687999959999,
                    "batch_size": 256
                },
                {
                    "in_dim": 190,
                    "out_dim": 1,
                    "loss": "mse",
                    "bottleneck_dim": 512,
                    "n_blocks": 1,
                    "hidden_dim": 27,
                    "lr": 0.002847716464157856,
                    "end_lr_factor": 0.060392168308500985,
                    "n_epochs": 11,
                    "weight_decay": 0.00025055148743134475,
                    "batch_size": 128
                },
                {
                    "in_dim": 190,
                    "out_dim": 1,
                    "loss": "mse",
                    "bottleneck_dim": 512,
                    "n_blocks": 1,
                    "hidden_dim": 92,
                    "lr": 0.0056716730030910096,
                    "end_lr_factor": 0.012809374793989017,
                    "n_epochs": 11,
                    "weight_decay": 0.0005258087011551967,
                    "batch_size": 128
                },
                {
                    "in_dim": 190,
                    "out_dim": 1,
                    "loss": "mse",
                    "bottleneck_dim": 512,
                    "n_blocks": 5,
                    "hidden_dim": 261,
                    "lr": 0.0038620618937937157,
                    "end_lr_factor": 0.016465510824598198,
                    "n_epochs": 22,
                    "weight_decay": 0.0006790580540559982,
                    "batch_size": 384
                }
            ]
        }
    }
}