{
    "44980": {
        "GreedyRFRBoostDiag_batchnormFalse": {
            "score_train": [
                0.25680243968963623,
                0.2585821747779846,
                0.2520557641983032,
                0.2425217479467392,
                0.26432567834854126
            ],
            "score_test": [
                0.32137012481689453,
                0.33436205983161926,
                0.3145284950733185,
                0.3316648304462433,
                0.3201368749141693
            ],
            "t_fit": [
                2.4833993688225746,
                3.3268210738897324,
                2.5566859394311905,
                2.1815622076392174,
                3.028287395834923
            ],
            "t_inference": [
                1.0092982426285744,
                1.383180893957615,
                1.157644808292389,
                1.1427163034677505,
                1.061586171388626
            ],
            "hyperparams": [
                {
                    "in_dim": 8,
                    "out_dim": 1,
                    "feature_type": "SWIM",
                    "upscale_type": "SWIM",
                    "randfeat_xt_dim": 512,
                    "randfeat_x0_dim": 512,
                    "sandwich_solver": "diag",
                    "activation": "tanh",
                    "use_batchnorm": false,
                    "add_features": false,
                    "n_layers": 10,
                    "l2_reg": 0.0038849736878364626,
                    "l2_ghat": 1.506084483370682e-05,
                    "boost_lr": 0.7910528533563087,
                    "hidden_dim": 468,
                    "SWIM_scale": 1.4391056618622786
                },
                {
                    "in_dim": 8,
                    "out_dim": 1,
                    "feature_type": "SWIM",
                    "upscale_type": "SWIM",
                    "randfeat_xt_dim": 512,
                    "randfeat_x0_dim": 512,
                    "sandwich_solver": "diag",
                    "activation": "tanh",
                    "use_batchnorm": false,
                    "add_features": false,
                    "n_layers": 9,
                    "l2_reg": 0.006965848215316791,
                    "l2_ghat": 4.5639050518077997e-05,
                    "boost_lr": 0.8539684346465963,
                    "hidden_dim": 510,
                    "SWIM_scale": 1.8909923035274738
                },
                {
                    "in_dim": 8,
                    "out_dim": 1,
                    "feature_type": "SWIM",
                    "upscale_type": "SWIM",
                    "randfeat_xt_dim": 512,
                    "randfeat_x0_dim": 512,
                    "sandwich_solver": "diag",
                    "activation": "tanh",
                    "use_batchnorm": false,
                    "add_features": false,
                    "n_layers": 8,
                    "l2_reg": 0.00011349043288677199,
                    "l2_ghat": 5.421667771722661e-05,
                    "boost_lr": 0.934560032115156,
                    "hidden_dim": 474,
                    "SWIM_scale": 0.9926376705040901
                },
                {
                    "in_dim": 8,
                    "out_dim": 1,
                    "feature_type": "SWIM",
                    "upscale_type": "SWIM",
                    "randfeat_xt_dim": 512,
                    "randfeat_x0_dim": 512,
                    "sandwich_solver": "diag",
                    "activation": "tanh",
                    "use_batchnorm": false,
                    "add_features": false,
                    "n_layers": 10,
                    "l2_reg": 0.0015564057307489694,
                    "l2_ghat": 3.1384495761924795e-05,
                    "boost_lr": 0.8672829437575391,
                    "hidden_dim": 507,
                    "SWIM_scale": 1.3796682540807026
                },
                {
                    "in_dim": 8,
                    "out_dim": 1,
                    "feature_type": "SWIM",
                    "upscale_type": "SWIM",
                    "randfeat_xt_dim": 512,
                    "randfeat_x0_dim": 512,
                    "sandwich_solver": "diag",
                    "activation": "tanh",
                    "use_batchnorm": false,
                    "add_features": false,
                    "n_layers": 10,
                    "l2_reg": 0.001154501611752155,
                    "l2_ghat": 1.362921232217526e-05,
                    "boost_lr": 0.4332450364767756,
                    "hidden_dim": 473,
                    "SWIM_scale": 1.1300520317037188
                }
            ]
        }
    }
}