{
    "44958": {
        "GreedyRFRBoostScalar_batchnormFalse": {
            "score_train": [
                0.19950300455093384,
                0.18938499689102173,
                0.20289215445518494,
                0.21149319410324097,
                0.2056504189968109
            ],
            "score_test": [
                0.2607780396938324,
                0.25545233488082886,
                0.23561795055866241,
                0.2402808517217636,
                0.20533521473407745
            ],
            "t_fit": [
                0.9083908591419458,
                0.8053666912019253,
                1.2194693684577942,
                0.39531655982136726,
                0.9624828957021236
            ],
            "t_inference": [
                0.4521034490317106,
                0.3716487977653742,
                0.593332327902317,
                0.17979814484715462,
                0.44824731163680553
            ],
            "hyperparams": [
                {
                    "in_dim": 16,
                    "out_dim": 1,
                    "feature_type": "SWIM",
                    "upscale_type": "SWIM",
                    "randfeat_xt_dim": 512,
                    "randfeat_x0_dim": 512,
                    "sandwich_solver": "scalar",
                    "activation": "tanh",
                    "use_batchnorm": false,
                    "add_features": false,
                    "n_layers": 6,
                    "l2_reg": 1.8447375911762203e-05,
                    "l2_ghat": 0.8166466165698225,
                    "boost_lr": 0.9933965773072233,
                    "hidden_dim": 512,
                    "SWIM_scale": 1.865187110763861
                },
                {
                    "in_dim": 16,
                    "out_dim": 1,
                    "feature_type": "SWIM",
                    "upscale_type": "SWIM",
                    "randfeat_xt_dim": 512,
                    "randfeat_x0_dim": 512,
                    "sandwich_solver": "scalar",
                    "activation": "tanh",
                    "use_batchnorm": false,
                    "add_features": false,
                    "n_layers": 7,
                    "l2_reg": 2.6658073021760786e-05,
                    "l2_ghat": 0.00017846715111747685,
                    "boost_lr": 0.8485536384905473,
                    "hidden_dim": 510,
                    "SWIM_scale": 1.2832420014477566
                },
                {
                    "in_dim": 16,
                    "out_dim": 1,
                    "feature_type": "SWIM",
                    "upscale_type": "SWIM",
                    "randfeat_xt_dim": 512,
                    "randfeat_x0_dim": 512,
                    "sandwich_solver": "scalar",
                    "activation": "tanh",
                    "use_batchnorm": false,
                    "add_features": false,
                    "n_layers": 9,
                    "l2_reg": 1.0863833419456807e-05,
                    "l2_ghat": 6.564817611753441,
                    "boost_lr": 0.8800333801252948,
                    "hidden_dim": 484,
                    "SWIM_scale": 1.6287245423939871
                },
                {
                    "in_dim": 16,
                    "out_dim": 1,
                    "feature_type": "SWIM",
                    "upscale_type": "SWIM",
                    "randfeat_xt_dim": 512,
                    "randfeat_x0_dim": 512,
                    "sandwich_solver": "scalar",
                    "activation": "tanh",
                    "use_batchnorm": false,
                    "add_features": false,
                    "n_layers": 3,
                    "l2_reg": 3.0770020997246644e-05,
                    "l2_ghat": 1.0254505886878406e-05,
                    "boost_lr": 0.8192920456535004,
                    "hidden_dim": 482,
                    "SWIM_scale": 1.650161066740716
                },
                {
                    "in_dim": 16,
                    "out_dim": 1,
                    "feature_type": "SWIM",
                    "upscale_type": "SWIM",
                    "randfeat_xt_dim": 512,
                    "randfeat_x0_dim": 512,
                    "sandwich_solver": "scalar",
                    "activation": "tanh",
                    "use_batchnorm": false,
                    "add_features": false,
                    "n_layers": 7,
                    "l2_reg": 1.0117069955886558e-05,
                    "l2_ghat": 0.0002316022066971415,
                    "boost_lr": 0.8332300503324435,
                    "hidden_dim": 506,
                    "SWIM_scale": 1.3739683408206522
                }
            ]
        }
    }
}