{
    "44984": {
        "End2End_cpu": {
            "score_train": [
                0.6494138836860657,
                0.6334078907966614,
                0.6431445479393005,
                0.642845630645752,
                0.6395164728164673
            ],
            "score_test": [
                0.6197276711463928,
                0.6849887371063232,
                0.6520806550979614,
                0.6477235555648804,
                0.677397608757019
            ],
            "t_fit": [
                140.02680918574333,
                5.172303020954132,
                29.548655718564987,
                17.750569134950638,
                12.6987514346838
            ],
            "t_inference": [
                0.2558959126472473,
                0.08907738327980042,
                0.37269672751426697,
                0.3016236126422882,
                0.1784515380859375
            ],
            "hyperparams": [
                {
                    "in_dim": 12,
                    "out_dim": 1,
                    "loss": "mse",
                    "bottleneck_dim": 512,
                    "n_blocks": 7,
                    "hidden_dim": 121,
                    "lr": 0.008228773776467309,
                    "end_lr_factor": 0.025025261438980984,
                    "n_epochs": 27,
                    "weight_decay": 1.073313409701759e-06,
                    "batch_size": 256
                },
                {
                    "in_dim": 12,
                    "out_dim": 1,
                    "loss": "mse",
                    "bottleneck_dim": 512,
                    "n_blocks": 1,
                    "hidden_dim": 159,
                    "lr": 0.0056786879503060396,
                    "end_lr_factor": 0.02187714856887838,
                    "n_epochs": 23,
                    "weight_decay": 2.0578745339398513e-06,
                    "batch_size": 384
                },
                {
                    "in_dim": 12,
                    "out_dim": 1,
                    "loss": "mse",
                    "bottleneck_dim": 512,
                    "n_blocks": 4,
                    "hidden_dim": 175,
                    "lr": 0.006634192995683022,
                    "end_lr_factor": 0.010050962114892842,
                    "n_epochs": 30,
                    "weight_decay": 1.651678998008647e-06,
                    "batch_size": 256
                },
                {
                    "in_dim": 12,
                    "out_dim": 1,
                    "loss": "mse",
                    "bottleneck_dim": 512,
                    "n_blocks": 1,
                    "hidden_dim": 485,
                    "lr": 0.006416435605410668,
                    "end_lr_factor": 0.04177051447572589,
                    "n_epochs": 22,
                    "weight_decay": 3.8009343302018197e-06,
                    "batch_size": 256
                },
                {
                    "in_dim": 12,
                    "out_dim": 1,
                    "loss": "mse",
                    "bottleneck_dim": 512,
                    "n_blocks": 1,
                    "hidden_dim": 347,
                    "lr": 0.005185906537561554,
                    "end_lr_factor": 0.023228868676830577,
                    "n_epochs": 30,
                    "weight_decay": 2.308321103069754e-06,
                    "batch_size": 512
                }
            ]
        }
    }
}