{
    "44971": {
        "RFNN": {
            "score_train": [
                0.7355537414550781,
                0.7546597719192505,
                0.7383618354797363,
                0.7460960745811462,
                0.7523308396339417
            ],
            "score_test": [
                0.7718072533607483,
                0.8022464513778687,
                0.8234230279922485,
                0.7670872807502747,
                0.7615806460380554
            ],
            "t_fit": [
                0.05465945228934288,
                0.05235499143600464,
                0.04938119649887085,
                0.05740099027752876,
                0.051757074892520905
            ],
            "t_inference": [
                0.015045788139104843,
                0.014867160469293594,
                0.01522509753704071,
                0.017187155783176422,
                0.01564641296863556
            ],
            "hyperparams": [
                {
                    "n_layers": 0,
                    "in_dim": 11,
                    "out_dim": 1,
                    "upscale_type": "SWIM",
                    "activation": "tanh",
                    "use_batchnorm": false,
                    "l2_reg": 0.0017670169402947942,
                    "hidden_dim": 431,
                    "SWIM_scale": 1.530989398169959
                },
                {
                    "n_layers": 0,
                    "in_dim": 11,
                    "out_dim": 1,
                    "upscale_type": "SWIM",
                    "activation": "tanh",
                    "use_batchnorm": false,
                    "l2_reg": 0.003730486076439054,
                    "hidden_dim": 450,
                    "SWIM_scale": 1.1537054757450138
                },
                {
                    "n_layers": 0,
                    "in_dim": 11,
                    "out_dim": 1,
                    "upscale_type": "SWIM",
                    "activation": "tanh",
                    "use_batchnorm": false,
                    "l2_reg": 0.002072912414413443,
                    "hidden_dim": 440,
                    "SWIM_scale": 1.2974315373046947
                },
                {
                    "n_layers": 0,
                    "in_dim": 11,
                    "out_dim": 1,
                    "upscale_type": "SWIM",
                    "activation": "tanh",
                    "use_batchnorm": false,
                    "l2_reg": 0.00024434503085297705,
                    "hidden_dim": 492,
                    "SWIM_scale": 0.780269784858918
                },
                {
                    "n_layers": 0,
                    "in_dim": 11,
                    "out_dim": 1,
                    "upscale_type": "SWIM",
                    "activation": "tanh",
                    "use_batchnorm": false,
                    "l2_reg": 0.003168553171503291,
                    "hidden_dim": 434,
                    "SWIM_scale": 1.346509620448904
                }
            ]
        }
    }
}