{
    "44960": {
        "GreedyRFRBoostDense_ID_batchnormFalse": {
            "score_train": [
                0.02217842824757099,
                0.021482910960912704,
                0.028768200427293777,
                0.01858282834291458,
                0.020799266174435616
            ],
            "score_test": [
                0.05623110756278038,
                0.05255918577313423,
                0.042645275592803955,
                0.04658827558159828,
                0.04762447252869606
            ],
            "t_fit": [
                2.4088101498782635,
                2.476469550281763,
                1.6585446707904339,
                1.6674934960901737,
                1.5423935614526272
            ],
            "t_inference": [
                0.08393709734082222,
                0.05108746513724327,
                0.0352877639234066,
                0.03450564295053482,
                0.036049116402864456
            ],
            "hyperparams": [
                {
                    "in_dim": 8,
                    "out_dim": 1,
                    "feature_type": "SWIM",
                    "upscale_type": "identity",
                    "randfeat_xt_dim": 512,
                    "randfeat_x0_dim": 512,
                    "sandwich_solver": "dense",
                    "activation": "tanh",
                    "use_batchnorm": false,
                    "add_features": false,
                    "n_layers": 8,
                    "l2_reg": 0.00011457867990539853,
                    "l2_ghat": 9.506958141013601e-05,
                    "boost_lr": 0.6797382963228743,
                    "hidden_dim": 8,
                    "SWIM_scale": 0.9342777823984587
                },
                {
                    "in_dim": 8,
                    "out_dim": 1,
                    "feature_type": "SWIM",
                    "upscale_type": "identity",
                    "randfeat_xt_dim": 512,
                    "randfeat_x0_dim": 512,
                    "sandwich_solver": "dense",
                    "activation": "tanh",
                    "use_batchnorm": false,
                    "add_features": false,
                    "n_layers": 10,
                    "l2_reg": 0.0028401010773616247,
                    "l2_ghat": 0.00014396132203380407,
                    "boost_lr": 0.8214093479757462,
                    "hidden_dim": 8,
                    "SWIM_scale": 1.0816934864501744
                },
                {
                    "in_dim": 8,
                    "out_dim": 1,
                    "feature_type": "SWIM",
                    "upscale_type": "identity",
                    "randfeat_xt_dim": 512,
                    "randfeat_x0_dim": 512,
                    "sandwich_solver": "dense",
                    "activation": "tanh",
                    "use_batchnorm": false,
                    "add_features": false,
                    "n_layers": 9,
                    "l2_reg": 0.0006343134300357466,
                    "l2_ghat": 5.595522965374205e-05,
                    "boost_lr": 0.7969694622380419,
                    "hidden_dim": 8,
                    "SWIM_scale": 0.7424849653253172
                },
                {
                    "in_dim": 8,
                    "out_dim": 1,
                    "feature_type": "SWIM",
                    "upscale_type": "identity",
                    "randfeat_xt_dim": 512,
                    "randfeat_x0_dim": 512,
                    "sandwich_solver": "dense",
                    "activation": "tanh",
                    "use_batchnorm": false,
                    "add_features": false,
                    "n_layers": 9,
                    "l2_reg": 9.116093865230566e-05,
                    "l2_ghat": 0.000147593230396717,
                    "boost_lr": 0.5601892120112606,
                    "hidden_dim": 8,
                    "SWIM_scale": 1.2968578414798464
                },
                {
                    "in_dim": 8,
                    "out_dim": 1,
                    "feature_type": "SWIM",
                    "upscale_type": "identity",
                    "randfeat_xt_dim": 512,
                    "randfeat_x0_dim": 512,
                    "sandwich_solver": "dense",
                    "activation": "tanh",
                    "use_batchnorm": false,
                    "add_features": false,
                    "n_layers": 8,
                    "l2_reg": 4.8097866004316066e-05,
                    "l2_ghat": 0.001028433962908867,
                    "boost_lr": 0.7924493008326624,
                    "hidden_dim": 8,
                    "SWIM_scale": 1.3943705717918835
                }
            ]
        }
    }
}