{
    "44959": {
        "End2End_cpu": {
            "score_train": [
                0.17792899906635284,
                0.22423386573791504,
                0.1915401965379715,
                0.20897769927978516,
                0.19381679594516754
            ],
            "score_test": [
                0.3248837888240814,
                0.3207564651966095,
                0.30006733536720276,
                0.2990369200706482,
                0.30935317277908325
            ],
            "t_fit": [
                1.7464195862412453,
                2.1098997741937637,
                2.870312348008156,
                1.7233984097838402,
                3.4133531004190445
            ],
            "t_inference": [
                0.005794815719127655,
                0.009025655686855316,
                0.013260625302791595,
                0.005716629326343536,
                0.016966402530670166
            ],
            "hyperparams": [
                {
                    "in_dim": 8,
                    "out_dim": 1,
                    "loss": "mse",
                    "bottleneck_dim": 512,
                    "n_blocks": 1,
                    "hidden_dim": 36,
                    "lr": 0.01635376119013991,
                    "end_lr_factor": 0.07116310686540517,
                    "n_epochs": 50,
                    "weight_decay": 0.00026338497708368916,
                    "batch_size": 128
                },
                {
                    "in_dim": 8,
                    "out_dim": 1,
                    "loss": "mse",
                    "bottleneck_dim": 512,
                    "n_blocks": 2,
                    "hidden_dim": 17,
                    "lr": 0.023686662162428904,
                    "end_lr_factor": 0.06273421131035248,
                    "n_epochs": 43,
                    "weight_decay": 1.5247275312409658e-05,
                    "batch_size": 128
                },
                {
                    "in_dim": 8,
                    "out_dim": 1,
                    "loss": "mse",
                    "bottleneck_dim": 512,
                    "n_blocks": 1,
                    "hidden_dim": 212,
                    "lr": 0.0016793425731506044,
                    "end_lr_factor": 0.03388802340903332,
                    "n_epochs": 50,
                    "weight_decay": 0.00039510887264268535,
                    "batch_size": 128
                },
                {
                    "in_dim": 8,
                    "out_dim": 1,
                    "loss": "mse",
                    "bottleneck_dim": 512,
                    "n_blocks": 1,
                    "hidden_dim": 40,
                    "lr": 0.02101218294449134,
                    "end_lr_factor": 0.03300144210844249,
                    "n_epochs": 46,
                    "weight_decay": 1.2314600269001739e-05,
                    "batch_size": 128
                },
                {
                    "in_dim": 8,
                    "out_dim": 1,
                    "loss": "mse",
                    "bottleneck_dim": 512,
                    "n_blocks": 1,
                    "hidden_dim": 208,
                    "lr": 0.0014207363883203996,
                    "end_lr_factor": 0.06970952916085556,
                    "n_epochs": 47,
                    "weight_decay": 5.267326519411132e-05,
                    "batch_size": 128
                }
            ]
        }
    }
}