{
    "44979": {
        "GreedyRFRBoostDiag_batchnormFalse": {
            "score_train": [
                0.11119482666254044,
                0.1228145956993103,
                0.12288236618041992,
                0.11592534184455872,
                0.12080925703048706
            ],
            "score_test": [
                0.17251646518707275,
                0.1439305692911148,
                0.1395677775144577,
                0.13985465466976166,
                0.1437969207763672
            ],
            "t_fit": [
                5.885910354554653,
                2.1295512467622757,
                3.519290015101433,
                2.6894932612776756,
                1.9517007023096085
            ],
            "t_inference": [
                2.474517196416855,
                0.8119754493236542,
                1.5061440020799637,
                1.1269187852740288,
                0.8156123831868172
            ],
            "hyperparams": [
                {
                    "in_dim": 26,
                    "out_dim": 1,
                    "feature_type": "SWIM",
                    "upscale_type": "SWIM",
                    "randfeat_xt_dim": 512,
                    "randfeat_x0_dim": 512,
                    "sandwich_solver": "diag",
                    "activation": "tanh",
                    "use_batchnorm": false,
                    "add_features": false,
                    "n_layers": 8,
                    "l2_reg": 0.0006516761513959907,
                    "l2_ghat": 1.5735787407840818e-05,
                    "boost_lr": 0.7474129890713934,
                    "hidden_dim": 511,
                    "SWIM_scale": 1.8527340033963382
                },
                {
                    "in_dim": 26,
                    "out_dim": 1,
                    "feature_type": "SWIM",
                    "upscale_type": "SWIM",
                    "randfeat_xt_dim": 512,
                    "randfeat_x0_dim": 512,
                    "sandwich_solver": "diag",
                    "activation": "tanh",
                    "use_batchnorm": false,
                    "add_features": false,
                    "n_layers": 10,
                    "l2_reg": 0.0034454266473096596,
                    "l2_ghat": 1.0484496923150286e-05,
                    "boost_lr": 0.6864693799729041,
                    "hidden_dim": 496,
                    "SWIM_scale": 1.9849036193721976
                },
                {
                    "in_dim": 26,
                    "out_dim": 1,
                    "feature_type": "SWIM",
                    "upscale_type": "SWIM",
                    "randfeat_xt_dim": 512,
                    "randfeat_x0_dim": 512,
                    "sandwich_solver": "diag",
                    "activation": "tanh",
                    "use_batchnorm": false,
                    "add_features": false,
                    "n_layers": 10,
                    "l2_reg": 0.0034454266473096596,
                    "l2_ghat": 1.0484496923150286e-05,
                    "boost_lr": 0.6864693799729041,
                    "hidden_dim": 496,
                    "SWIM_scale": 1.9849036193721976
                },
                {
                    "in_dim": 26,
                    "out_dim": 1,
                    "feature_type": "SWIM",
                    "upscale_type": "SWIM",
                    "randfeat_xt_dim": 512,
                    "randfeat_x0_dim": 512,
                    "sandwich_solver": "diag",
                    "activation": "tanh",
                    "use_batchnorm": false,
                    "add_features": false,
                    "n_layers": 9,
                    "l2_reg": 0.001051136518104429,
                    "l2_ghat": 1.0667669774355394e-05,
                    "boost_lr": 0.8937351990163418,
                    "hidden_dim": 473,
                    "SWIM_scale": 1.8777286456769213
                },
                {
                    "in_dim": 26,
                    "out_dim": 1,
                    "feature_type": "SWIM",
                    "upscale_type": "SWIM",
                    "randfeat_xt_dim": 512,
                    "randfeat_x0_dim": 512,
                    "sandwich_solver": "diag",
                    "activation": "tanh",
                    "use_batchnorm": false,
                    "add_features": false,
                    "n_layers": 8,
                    "l2_reg": 0.0002952733677696735,
                    "l2_ghat": 3.30950200513649e-05,
                    "boost_lr": 0.9930713427762273,
                    "hidden_dim": 394,
                    "SWIM_scale": 1.5034078623495821
                }
            ]
        }
    }
}