{
    "44989": {
        "GradientRFRBoost_ID_batchnormFalse": {
            "score_train": [
                0.25250568985939026,
                0.252702921628952,
                0.24562902748584747,
                0.2619892656803131,
                0.2537582516670227
            ],
            "score_test": [
                0.2729359567165375,
                0.26720181107521057,
                0.29856470227241516,
                0.26361700892448425,
                0.2680608630180359
            ],
            "t_fit": [
                3.2460783906280994,
                2.8669417463243008,
                2.8132952079176903,
                4.007755357772112,
                2.4994208849966526
            ],
            "t_inference": [
                0.8367358073592186,
                0.6546865999698639,
                0.7409092001616955,
                0.8188619613647461,
                0.6404013931751251
            ],
            "hyperparams": [
                {
                    "in_dim": 132,
                    "out_dim": 1,
                    "feature_type": "SWIM",
                    "upscale_type": "identity",
                    "randfeat_xt_dim": 512,
                    "randfeat_x0_dim": 512,
                    "activation": "tanh",
                    "use_batchnorm": false,
                    "add_features": false,
                    "n_layers": 10,
                    "l2_reg": 0.5593863647209435,
                    "l2_ghat": 0.0002801802917377802,
                    "boost_lr": 0.9984930087587547,
                    "hidden_dim": 132,
                    "SWIM_scale": 0.43161050615521157
                },
                {
                    "in_dim": 132,
                    "out_dim": 1,
                    "feature_type": "SWIM",
                    "upscale_type": "identity",
                    "randfeat_xt_dim": 512,
                    "randfeat_x0_dim": 512,
                    "activation": "tanh",
                    "use_batchnorm": false,
                    "add_features": false,
                    "n_layers": 10,
                    "l2_reg": 0.5691688888346272,
                    "l2_ghat": 0.00010248668156130102,
                    "boost_lr": 0.9962894757952334,
                    "hidden_dim": 132,
                    "SWIM_scale": 0.3666789463870014
                },
                {
                    "in_dim": 132,
                    "out_dim": 1,
                    "feature_type": "SWIM",
                    "upscale_type": "identity",
                    "randfeat_xt_dim": 512,
                    "randfeat_x0_dim": 512,
                    "activation": "tanh",
                    "use_batchnorm": false,
                    "add_features": false,
                    "n_layers": 9,
                    "l2_reg": 0.815006793271505,
                    "l2_ghat": 0.000252073327364775,
                    "boost_lr": 0.9963392885906631,
                    "hidden_dim": 132,
                    "SWIM_scale": 0.4636705228270652
                },
                {
                    "in_dim": 132,
                    "out_dim": 1,
                    "feature_type": "SWIM",
                    "upscale_type": "identity",
                    "randfeat_xt_dim": 512,
                    "randfeat_x0_dim": 512,
                    "activation": "tanh",
                    "use_batchnorm": false,
                    "add_features": false,
                    "n_layers": 10,
                    "l2_reg": 1.0625121803302275,
                    "l2_ghat": 0.0001030204548610311,
                    "boost_lr": 0.994491503323673,
                    "hidden_dim": 132,
                    "SWIM_scale": 0.2754836441502023
                },
                {
                    "in_dim": 132,
                    "out_dim": 1,
                    "feature_type": "SWIM",
                    "upscale_type": "identity",
                    "randfeat_xt_dim": 512,
                    "randfeat_x0_dim": 512,
                    "activation": "tanh",
                    "use_batchnorm": false,
                    "add_features": false,
                    "n_layers": 9,
                    "l2_reg": 0.22102975281470308,
                    "l2_ghat": 0.0006481921552629968,
                    "boost_lr": 0.9182456773457905,
                    "hidden_dim": 132,
                    "SWIM_scale": 0.5670692316535192
                }
            ]
        }
    }
}