{
    "44975": {
        "GreedyRFRBoostDiag_batchnormFalse": {
            "score_train": [
                0.02806452289223671,
                0.021916095167398453,
                0.027823716402053833,
                0.026869410648941994,
                0.028144873678684235
            ],
            "score_test": [
                0.02058078907430172,
                0.04147477447986603,
                0.01985141448676586,
                0.02481856197118759,
                0.02406410314142704
            ],
            "t_fit": [
                2.6787094473838806,
                2.6499112620949745,
                3.538678839802742,
                4.0132133811712265,
                0.11649991571903229
            ],
            "t_inference": [
                1.1800495609641075,
                1.0497161820530891,
                1.4954871609807014,
                1.593244731426239,
                0.035439133644104004
            ],
            "hyperparams": [
                {
                    "in_dim": 48,
                    "out_dim": 1,
                    "feature_type": "SWIM",
                    "upscale_type": "SWIM",
                    "randfeat_xt_dim": 512,
                    "randfeat_x0_dim": 512,
                    "sandwich_solver": "diag",
                    "activation": "tanh",
                    "use_batchnorm": false,
                    "add_features": false,
                    "n_layers": 10,
                    "l2_reg": 1.004005902730338e-05,
                    "l2_ghat": 0.006071902355924126,
                    "boost_lr": 0.14449580209105523,
                    "hidden_dim": 409,
                    "SWIM_scale": 0.27932422009839897
                },
                {
                    "in_dim": 48,
                    "out_dim": 1,
                    "feature_type": "SWIM",
                    "upscale_type": "SWIM",
                    "randfeat_xt_dim": 512,
                    "randfeat_x0_dim": 512,
                    "sandwich_solver": "diag",
                    "activation": "tanh",
                    "use_batchnorm": false,
                    "add_features": false,
                    "n_layers": 5,
                    "l2_reg": 1.9641255478532993e-05,
                    "l2_ghat": 1.6183013876092543e-05,
                    "boost_lr": 0.14378621537722794,
                    "hidden_dim": 472,
                    "SWIM_scale": 0.3422243371770788
                },
                {
                    "in_dim": 48,
                    "out_dim": 1,
                    "feature_type": "SWIM",
                    "upscale_type": "SWIM",
                    "randfeat_xt_dim": 512,
                    "randfeat_x0_dim": 512,
                    "sandwich_solver": "diag",
                    "activation": "tanh",
                    "use_batchnorm": false,
                    "add_features": false,
                    "n_layers": 9,
                    "l2_reg": 1.0552042912810744e-05,
                    "l2_ghat": 1.1537762966023057,
                    "boost_lr": 0.3624574009867471,
                    "hidden_dim": 486,
                    "SWIM_scale": 0.4546390764745841
                },
                {
                    "in_dim": 48,
                    "out_dim": 1,
                    "feature_type": "SWIM",
                    "upscale_type": "SWIM",
                    "randfeat_xt_dim": 512,
                    "randfeat_x0_dim": 512,
                    "sandwich_solver": "diag",
                    "activation": "tanh",
                    "use_batchnorm": false,
                    "add_features": false,
                    "n_layers": 7,
                    "l2_reg": 1.534439833264891e-05,
                    "l2_ghat": 0.00047961005952305933,
                    "boost_lr": 0.19148084172258664,
                    "hidden_dim": 463,
                    "SWIM_scale": 0.5329561497121512
                },
                {
                    "in_dim": 48,
                    "out_dim": 1,
                    "feature_type": "SWIM",
                    "upscale_type": "SWIM",
                    "randfeat_xt_dim": 512,
                    "randfeat_x0_dim": 512,
                    "sandwich_solver": "diag",
                    "activation": "tanh",
                    "use_batchnorm": false,
                    "add_features": false,
                    "n_layers": 1,
                    "l2_reg": 1.1882968061854354e-05,
                    "l2_ghat": 0.0009054145052351974,
                    "boost_lr": 0.5864480158316665,
                    "hidden_dim": 131,
                    "SWIM_scale": 0.2693955096350057
                }
            ]
        }
    }
}