{
    "44966": {
        "GradientRFRBoost_ID_batchnormFalse": {
            "score_train": [
                0.6692488193511963,
                0.704023003578186,
                0.7273464202880859,
                0.7060756683349609,
                0.7187447547912598
            ],
            "score_test": [
                0.8591735363006592,
                0.7455803751945496,
                0.6120937466621399,
                0.6988282203674316,
                0.6804224848747253
            ],
            "t_fit": [
                0.2999038025736809,
                0.12767265364527702,
                0.545183576643467,
                0.9741365052759647,
                0.38143130391836166
            ],
            "t_inference": [
                0.024815350770950317,
                0.012881603091955185,
                0.054350074380636215,
                0.10275494307279587,
                0.038757577538490295
            ],
            "hyperparams": [
                {
                    "in_dim": 29,
                    "out_dim": 1,
                    "feature_type": "SWIM",
                    "upscale_type": "identity",
                    "randfeat_xt_dim": 512,
                    "randfeat_x0_dim": 512,
                    "activation": "tanh",
                    "use_batchnorm": false,
                    "n_layers": 2,
                    "l2_reg": 1.6276334712851637,
                    "l2_ghat": 0.05068516030139277,
                    "boost_lr": 0.8455241390404896,
                    "hidden_dim": 29,
                    "SWIM_scale": 0.4055103521079099
                },
                {
                    "in_dim": 29,
                    "out_dim": 1,
                    "feature_type": "SWIM",
                    "upscale_type": "identity",
                    "randfeat_xt_dim": 512,
                    "randfeat_x0_dim": 512,
                    "activation": "tanh",
                    "use_batchnorm": false,
                    "n_layers": 1,
                    "l2_reg": 0.48031474810415326,
                    "l2_ghat": 7.734827317352769,
                    "boost_lr": 0.10044563120354434,
                    "hidden_dim": 29,
                    "SWIM_scale": 0.45577186424771476
                },
                {
                    "in_dim": 29,
                    "out_dim": 1,
                    "feature_type": "SWIM",
                    "upscale_type": "identity",
                    "randfeat_xt_dim": 512,
                    "randfeat_x0_dim": 512,
                    "activation": "tanh",
                    "use_batchnorm": false,
                    "n_layers": 4,
                    "l2_reg": 0.22806363851917108,
                    "l2_ghat": 3.7764104409852752,
                    "boost_lr": 0.16956101226662323,
                    "hidden_dim": 29,
                    "SWIM_scale": 0.438409776870153
                },
                {
                    "in_dim": 29,
                    "out_dim": 1,
                    "feature_type": "SWIM",
                    "upscale_type": "identity",
                    "randfeat_xt_dim": 512,
                    "randfeat_x0_dim": 512,
                    "activation": "tanh",
                    "use_batchnorm": false,
                    "n_layers": 7,
                    "l2_reg": 0.5814129175597343,
                    "l2_ghat": 0.027641449426112602,
                    "boost_lr": 0.10784641035211887,
                    "hidden_dim": 29,
                    "SWIM_scale": 0.8975346406912309
                },
                {
                    "in_dim": 29,
                    "out_dim": 1,
                    "feature_type": "SWIM",
                    "upscale_type": "identity",
                    "randfeat_xt_dim": 512,
                    "randfeat_x0_dim": 512,
                    "activation": "tanh",
                    "use_batchnorm": false,
                    "n_layers": 3,
                    "l2_reg": 2.058284998439104,
                    "l2_ghat": 0.7041314175298496,
                    "boost_lr": 0.6967296755896282,
                    "hidden_dim": 29,
                    "SWIM_scale": 1.1324352659253099
                }
            ]
        }
    }
}