{
    "44967": {
        "RFNN": {
            "score_train": [
                0.746113121509552,
                0.746010422706604,
                0.7631397247314453,
                0.7799531817436218,
                0.7358944416046143
            ],
            "score_test": [
                0.7525158524513245,
                0.8888773918151855,
                0.7691481113433838,
                0.7025690078735352,
                0.8598998785018921
            ],
            "t_fit": [
                0.013712622225284576,
                0.006125450134277344,
                0.005837582051753998,
                0.01833934336900711,
                0.009520046412944794
            ],
            "t_inference": [
                0.002968430519104004,
                0.00140361487865448,
                0.0012346506118774414,
                0.0037720054388046265,
                0.002156391739845276
            ],
            "hyperparams": [
                {
                    "n_layers": 0,
                    "in_dim": 56,
                    "out_dim": 1,
                    "upscale_type": "SWIM",
                    "activation": "tanh",
                    "use_batchnorm": false,
                    "l2_reg": 0.00626029434964249,
                    "hidden_dim": 353,
                    "SWIM_scale": 0.47643056068297013
                },
                {
                    "n_layers": 0,
                    "in_dim": 56,
                    "out_dim": 1,
                    "upscale_type": "SWIM",
                    "activation": "tanh",
                    "use_batchnorm": false,
                    "l2_reg": 0.012173252504194038,
                    "hidden_dim": 123,
                    "SWIM_scale": 0.331288222259996
                },
                {
                    "n_layers": 0,
                    "in_dim": 56,
                    "out_dim": 1,
                    "upscale_type": "SWIM",
                    "activation": "tanh",
                    "use_batchnorm": false,
                    "l2_reg": 0.011998971384598427,
                    "hidden_dim": 121,
                    "SWIM_scale": 0.36708212466544843
                },
                {
                    "n_layers": 0,
                    "in_dim": 56,
                    "out_dim": 1,
                    "upscale_type": "SWIM",
                    "activation": "tanh",
                    "use_batchnorm": false,
                    "l2_reg": 0.08523189571826595,
                    "hidden_dim": 439,
                    "SWIM_scale": 0.4823303174263841
                },
                {
                    "n_layers": 0,
                    "in_dim": 56,
                    "out_dim": 1,
                    "upscale_type": "SWIM",
                    "activation": "tanh",
                    "use_batchnorm": false,
                    "l2_reg": 0.01705578950164897,
                    "hidden_dim": 257,
                    "SWIM_scale": 0.3873679260650612
                }
            ]
        }
    }
}