{
    "44989": {
        "RFNN": {
            "score_train": [
                0.2658419609069824,
                0.27250397205352783,
                0.2563687860965729,
                0.26550427079200745,
                0.2649025022983551
            ],
            "score_test": [
                0.2869344651699066,
                0.2884770631790161,
                0.3113899528980255,
                0.28969594836235046,
                0.29610633850097656
            ],
            "t_fit": [
                0.06771012395620346,
                0.058382511138916016,
                0.06306808069348335,
                0.06017273664474487,
                0.05932381749153137
            ],
            "t_inference": [
                0.02385469153523445,
                0.02029857411980629,
                0.02157757431268692,
                0.020250223577022552,
                0.019890453666448593
            ],
            "hyperparams": [
                {
                    "n_layers": 0,
                    "in_dim": 132,
                    "out_dim": 1,
                    "upscale_type": "SWIM",
                    "activation": "tanh",
                    "use_batchnorm": false,
                    "l2_reg": 1.2411533209716818e-05,
                    "hidden_dim": 501,
                    "SWIM_scale": 0.7406920227688283
                },
                {
                    "n_layers": 0,
                    "in_dim": 132,
                    "out_dim": 1,
                    "upscale_type": "SWIM",
                    "activation": "tanh",
                    "use_batchnorm": false,
                    "l2_reg": 1.7323602756391244e-05,
                    "hidden_dim": 458,
                    "SWIM_scale": 0.7068276263155864
                },
                {
                    "n_layers": 0,
                    "in_dim": 132,
                    "out_dim": 1,
                    "upscale_type": "SWIM",
                    "activation": "tanh",
                    "use_batchnorm": false,
                    "l2_reg": 1.063001327164265e-05,
                    "hidden_dim": 499,
                    "SWIM_scale": 0.7633386344971393
                },
                {
                    "n_layers": 0,
                    "in_dim": 132,
                    "out_dim": 1,
                    "upscale_type": "SWIM",
                    "activation": "tanh",
                    "use_batchnorm": false,
                    "l2_reg": 4.0701267270346976e-05,
                    "hidden_dim": 487,
                    "SWIM_scale": 1.0708022976196987
                },
                {
                    "n_layers": 0,
                    "in_dim": 132,
                    "out_dim": 1,
                    "upscale_type": "SWIM",
                    "activation": "tanh",
                    "use_batchnorm": false,
                    "l2_reg": 1.4703694582388241e-05,
                    "hidden_dim": 471,
                    "SWIM_scale": 0.8678155588636587
                }
            ]
        }
    }
}