{
    "44965": {
        "End2End_cpu": {
            "score_train": [
                0.5995221138000488,
                0.8113827109336853,
                0.06016363576054573,
                0.7326760292053223,
                0.1964462846517563
            ],
            "score_test": [
                0.9342052340507507,
                0.8872880339622498,
                0.8384644389152527,
                0.9581053853034973,
                0.7960891723632812
            ],
            "t_fit": [
                65.26810917258263,
                3.879364997148514,
                16.613498762249947,
                1.1342992931604385,
                6.605259403586388
            ],
            "t_inference": [
                0.008304059505462646,
                0.022128835320472717,
                0.06356287002563477,
                0.0270889550447464,
                0.09891502559185028
            ],
            "hyperparams": [
                {
                    "in_dim": 116,
                    "out_dim": 1,
                    "loss": "mse",
                    "bottleneck_dim": 512,
                    "n_blocks": 1,
                    "hidden_dim": 99,
                    "lr": 0.0046213143150608165,
                    "end_lr_factor": 0.14610074113565838,
                    "n_epochs": 20,
                    "weight_decay": 2.5537882631473976e-06,
                    "batch_size": 256
                },
                {
                    "in_dim": 116,
                    "out_dim": 1,
                    "loss": "mse",
                    "bottleneck_dim": 512,
                    "n_blocks": 1,
                    "hidden_dim": 311,
                    "lr": 0.0075174672824833465,
                    "end_lr_factor": 0.5429611063231312,
                    "n_epochs": 11,
                    "weight_decay": 3.115674820530559e-06,
                    "batch_size": 128
                },
                {
                    "in_dim": 116,
                    "out_dim": 1,
                    "loss": "mse",
                    "bottleneck_dim": 512,
                    "n_blocks": 3,
                    "hidden_dim": 332,
                    "lr": 0.0008255223153269499,
                    "end_lr_factor": 0.18813527132925362,
                    "n_epochs": 43,
                    "weight_decay": 9.041141848778397e-06,
                    "batch_size": 128
                },
                {
                    "in_dim": 116,
                    "out_dim": 1,
                    "loss": "mse",
                    "bottleneck_dim": 512,
                    "n_blocks": 1,
                    "hidden_dim": 299,
                    "lr": 0.005504236606760613,
                    "end_lr_factor": 0.5587596659116769,
                    "n_epochs": 13,
                    "weight_decay": 7.971791585420854e-06,
                    "batch_size": 128
                },
                {
                    "in_dim": 116,
                    "out_dim": 1,
                    "loss": "mse",
                    "bottleneck_dim": 512,
                    "n_blocks": 4,
                    "hidden_dim": 431,
                    "lr": 0.0004570563099801456,
                    "end_lr_factor": 0.15751320499779725,
                    "n_epochs": 12,
                    "weight_decay": 2.9375384576328313e-06,
                    "batch_size": 128
                }
            ]
        }
    }
}