{
    "44970": {
        "GradientRFRBoost_ID_batchnormFalse": {
            "score_train": [
                0.5497843623161316,
                0.5816569328308105,
                0.5731892585754395,
                0.4680192172527313,
                0.5739122033119202
            ],
            "score_test": [
                0.6884100437164307,
                0.6006818413734436,
                0.5761315226554871,
                0.5832687020301819,
                0.6241390705108643
            ],
            "t_fit": [
                0.7625281438231468,
                1.084850437939167,
                0.12275814265012741,
                0.3468714579939842,
                0.94038887321949
            ],
            "t_inference": [
                0.06049129366874695,
                0.09217066317796707,
                0.010042153298854828,
                0.027589410543441772,
                0.08014427125453949
            ],
            "hyperparams": [
                {
                    "in_dim": 6,
                    "out_dim": 1,
                    "feature_type": "SWIM",
                    "upscale_type": "identity",
                    "randfeat_xt_dim": 512,
                    "randfeat_x0_dim": 512,
                    "activation": "tanh",
                    "use_batchnorm": false,
                    "add_features": false,
                    "n_layers": 9,
                    "l2_reg": 0.0367355138516697,
                    "l2_ghat": 0.1372711832464436,
                    "boost_lr": 0.10050736164843503,
                    "hidden_dim": 6,
                    "SWIM_scale": 0.6183633068065569
                },
                {
                    "in_dim": 6,
                    "out_dim": 1,
                    "feature_type": "SWIM",
                    "upscale_type": "identity",
                    "randfeat_xt_dim": 512,
                    "randfeat_x0_dim": 512,
                    "activation": "tanh",
                    "use_batchnorm": false,
                    "add_features": false,
                    "n_layers": 5,
                    "l2_reg": 3.278283167526417e-05,
                    "l2_ghat": 0.2282373627510493,
                    "boost_lr": 0.1184239247402653,
                    "hidden_dim": 6,
                    "SWIM_scale": 0.898768217316886
                },
                {
                    "in_dim": 6,
                    "out_dim": 1,
                    "feature_type": "SWIM",
                    "upscale_type": "identity",
                    "randfeat_xt_dim": 512,
                    "randfeat_x0_dim": 512,
                    "activation": "tanh",
                    "use_batchnorm": false,
                    "add_features": false,
                    "n_layers": 1,
                    "l2_reg": 0.0003452677785651012,
                    "l2_ghat": 0.7159626491482342,
                    "boost_lr": 0.641014694575088,
                    "hidden_dim": 6,
                    "SWIM_scale": 1.9487549127286943
                },
                {
                    "in_dim": 6,
                    "out_dim": 1,
                    "feature_type": "SWIM",
                    "upscale_type": "identity",
                    "randfeat_xt_dim": 512,
                    "randfeat_x0_dim": 512,
                    "activation": "tanh",
                    "use_batchnorm": false,
                    "add_features": false,
                    "n_layers": 5,
                    "l2_reg": 0.2687336687957901,
                    "l2_ghat": 0.0037546944861482803,
                    "boost_lr": 0.11238105440873063,
                    "hidden_dim": 6,
                    "SWIM_scale": 1.1884513966661656
                },
                {
                    "in_dim": 6,
                    "out_dim": 1,
                    "feature_type": "SWIM",
                    "upscale_type": "identity",
                    "randfeat_xt_dim": 512,
                    "randfeat_x0_dim": 512,
                    "activation": "tanh",
                    "use_batchnorm": false,
                    "add_features": false,
                    "n_layers": 8,
                    "l2_reg": 4.888267247612885,
                    "l2_ghat": 2.238236879041209,
                    "boost_lr": 0.5261023444867684,
                    "hidden_dim": 6,
                    "SWIM_scale": 0.805519746715378
                }
            ]
        }
    }
}