{
    "44978": {
        "End2End_cpu": {
            "score_train": [
                0.11880426853895187,
                0.12234269082546234,
                0.12196525186300278,
                0.12439924478530884,
                0.11840269714593887
            ],
            "score_test": [
                0.14326533675193787,
                0.13727730512619019,
                0.14865414798259735,
                0.14437711238861084,
                0.1368975043296814
            ],
            "t_fit": [
                18.829365774989128,
                17.75720041245222,
                12.067494340240955,
                31.123195625841618,
                26.584232337772846
            ],
            "t_inference": [
                0.1330636367201805,
                0.08664753288030624,
                0.05435354262590408,
                0.19573505967855453,
                0.14535127580165863
            ],
            "hyperparams": [
                {
                    "in_dim": 21,
                    "out_dim": 1,
                    "loss": "mse",
                    "bottleneck_dim": 512,
                    "n_blocks": 2,
                    "hidden_dim": 153,
                    "lr": 0.01827437381953847,
                    "end_lr_factor": 0.02118133328843195,
                    "n_epochs": 37,
                    "weight_decay": 0.0004570458723251156,
                    "batch_size": 128
                },
                {
                    "in_dim": 21,
                    "out_dim": 1,
                    "loss": "mse",
                    "bottleneck_dim": 512,
                    "n_blocks": 1,
                    "hidden_dim": 210,
                    "lr": 0.03187935987326034,
                    "end_lr_factor": 0.012141466137913648,
                    "n_epochs": 49,
                    "weight_decay": 0.00069472412649804,
                    "batch_size": 128
                },
                {
                    "in_dim": 21,
                    "out_dim": 1,
                    "loss": "mse",
                    "bottleneck_dim": 512,
                    "n_blocks": 1,
                    "hidden_dim": 87,
                    "lr": 0.052102391544018585,
                    "end_lr_factor": 0.012538554568798913,
                    "n_epochs": 44,
                    "weight_decay": 0.0007931559430065151,
                    "batch_size": 128
                },
                {
                    "in_dim": 21,
                    "out_dim": 1,
                    "loss": "mse",
                    "bottleneck_dim": 512,
                    "n_blocks": 2,
                    "hidden_dim": 250,
                    "lr": 0.03431699392253566,
                    "end_lr_factor": 0.014960122471227655,
                    "n_epochs": 46,
                    "weight_decay": 0.0008305220092218494,
                    "batch_size": 128
                },
                {
                    "in_dim": 21,
                    "out_dim": 1,
                    "loss": "mse",
                    "bottleneck_dim": 512,
                    "n_blocks": 5,
                    "hidden_dim": 65,
                    "lr": 0.014039318192012092,
                    "end_lr_factor": 0.01645444088140415,
                    "n_epochs": 40,
                    "weight_decay": 0.0009495321633916387,
                    "batch_size": 128
                }
            ]
        }
    }
}