{
    "44957": {
        "End2End_cpu": {
            "score_train": [
                0.18040603399276733,
                0.18283860385417938,
                0.18515974283218384,
                0.18119844794273376,
                0.18704579770565033
            ],
            "score_test": [
                0.3703029155731201,
                0.2954826354980469,
                0.2935323417186737,
                0.3499663174152374,
                0.272320955991745
            ],
            "t_fit": [
                139.99884621798992,
                16.60868690162897,
                29.146033003926277,
                35.157222770154476,
                14.780260190367699
            ],
            "t_inference": [
                0.1104852482676506,
                0.07208256423473358,
                0.1793789342045784,
                0.3423363268375397,
                0.11454138159751892
            ],
            "hyperparams": [
                {
                    "in_dim": 5,
                    "out_dim": 1,
                    "loss": "mse",
                    "bottleneck_dim": 512,
                    "n_blocks": 8,
                    "hidden_dim": 161,
                    "lr": 0.0005700729505491046,
                    "end_lr_factor": 0.015885941176680955,
                    "n_epochs": 50,
                    "weight_decay": 0.00047807988767057367,
                    "batch_size": 128
                },
                {
                    "in_dim": 5,
                    "out_dim": 1,
                    "loss": "mse",
                    "bottleneck_dim": 512,
                    "n_blocks": 4,
                    "hidden_dim": 81,
                    "lr": 0.0009747687408513703,
                    "end_lr_factor": 0.029619428822724392,
                    "n_epochs": 50,
                    "weight_decay": 0.0007179589107237575,
                    "batch_size": 128
                },
                {
                    "in_dim": 5,
                    "out_dim": 1,
                    "loss": "mse",
                    "bottleneck_dim": 512,
                    "n_blocks": 8,
                    "hidden_dim": 165,
                    "lr": 0.0005414305102743026,
                    "end_lr_factor": 0.01612834734256753,
                    "n_epochs": 50,
                    "weight_decay": 0.0006994836316377036,
                    "batch_size": 128
                },
                {
                    "in_dim": 5,
                    "out_dim": 1,
                    "loss": "mse",
                    "bottleneck_dim": 512,
                    "n_blocks": 8,
                    "hidden_dim": 221,
                    "lr": 0.0005221220284585375,
                    "end_lr_factor": 0.029844269515508108,
                    "n_epochs": 50,
                    "weight_decay": 0.0007486229795416515,
                    "batch_size": 128
                },
                {
                    "in_dim": 5,
                    "out_dim": 1,
                    "loss": "mse",
                    "bottleneck_dim": 512,
                    "n_blocks": 6,
                    "hidden_dim": 156,
                    "lr": 0.0005635968833160359,
                    "end_lr_factor": 0.02046792536194388,
                    "n_epochs": 45,
                    "weight_decay": 0.00011193127272044604,
                    "batch_size": 128
                }
            ]
        }
    }
}