{
    "44956": {
        "GreedyRFRBoostDense_ID_batchnormFalse": {
            "score_train": [
                0.6090819835662842,
                0.6060418486595154,
                0.5957959294319153,
                0.5840837359428406,
                0.5954578518867493
            ],
            "score_test": [
                0.5947224497795105,
                0.601917028427124,
                0.621566653251648,
                0.6494055986404419,
                0.6053856015205383
            ],
            "t_fit": [
                2.556152068544179,
                2.81678160559386,
                0.8854697309434414,
                2.5858485298231244,
                2.335509516298771
            ],
            "t_inference": [
                0.2158437641337514,
                0.22387517802417278,
                0.06953583937138319,
                0.19961446896195412,
                0.1920776478946209
            ],
            "hyperparams": [
                {
                    "in_dim": 10,
                    "out_dim": 1,
                    "feature_type": "SWIM",
                    "upscale_type": "identity",
                    "randfeat_xt_dim": 512,
                    "randfeat_x0_dim": 512,
                    "sandwich_solver": "dense",
                    "activation": "tanh",
                    "use_batchnorm": false,
                    "add_features": false,
                    "n_layers": 9,
                    "l2_reg": 0.20421129852910602,
                    "l2_ghat": 0.007344439303139494,
                    "boost_lr": 0.7911913678310633,
                    "hidden_dim": 10,
                    "SWIM_scale": 0.3663216775868092
                },
                {
                    "in_dim": 10,
                    "out_dim": 1,
                    "feature_type": "SWIM",
                    "upscale_type": "identity",
                    "randfeat_xt_dim": 512,
                    "randfeat_x0_dim": 512,
                    "sandwich_solver": "dense",
                    "activation": "tanh",
                    "use_batchnorm": false,
                    "add_features": false,
                    "n_layers": 10,
                    "l2_reg": 0.09781887291373671,
                    "l2_ghat": 0.011760082301447128,
                    "boost_lr": 0.4117055690397481,
                    "hidden_dim": 10,
                    "SWIM_scale": 0.36235351919829145
                },
                {
                    "in_dim": 10,
                    "out_dim": 1,
                    "feature_type": "SWIM",
                    "upscale_type": "identity",
                    "randfeat_xt_dim": 512,
                    "randfeat_x0_dim": 512,
                    "sandwich_solver": "dense",
                    "activation": "tanh",
                    "use_batchnorm": false,
                    "add_features": false,
                    "n_layers": 3,
                    "l2_reg": 0.03448188594987884,
                    "l2_ghat": 0.0014514718774979903,
                    "boost_lr": 0.4369901147464014,
                    "hidden_dim": 10,
                    "SWIM_scale": 0.43132574182986627
                },
                {
                    "in_dim": 10,
                    "out_dim": 1,
                    "feature_type": "SWIM",
                    "upscale_type": "identity",
                    "randfeat_xt_dim": 512,
                    "randfeat_x0_dim": 512,
                    "sandwich_solver": "dense",
                    "activation": "tanh",
                    "use_batchnorm": false,
                    "add_features": false,
                    "n_layers": 9,
                    "l2_reg": 0.05832833410078604,
                    "l2_ghat": 0.0026000518484517077,
                    "boost_lr": 0.3076162002263817,
                    "hidden_dim": 10,
                    "SWIM_scale": 0.3499344035335942
                },
                {
                    "in_dim": 10,
                    "out_dim": 1,
                    "feature_type": "SWIM",
                    "upscale_type": "identity",
                    "randfeat_xt_dim": 512,
                    "randfeat_x0_dim": 512,
                    "sandwich_solver": "dense",
                    "activation": "tanh",
                    "use_batchnorm": false,
                    "add_features": false,
                    "n_layers": 8,
                    "l2_reg": 0.013743694764513105,
                    "l2_ghat": 0.007318130732257687,
                    "boost_lr": 0.2253366760683479,
                    "hidden_dim": 10,
                    "SWIM_scale": 0.4638968541619939
                }
            ]
        }
    }
}