{
    "44981": {
        "End2End_cpu": {
            "score_train": [
                0.5593466758728027,
                0.3705621659755707,
                0.39448443055152893,
                0.20173487067222595,
                0.47328615188598633
            ],
            "score_test": [
                0.6585795283317566,
                0.7167601585388184,
                0.7255932688713074,
                0.7987317442893982,
                0.6849057674407959
            ],
            "t_fit": [
                49.69976506382227,
                11.50262938439846,
                14.814312890172005,
                15.829898536205292,
                27.7189973667264
            ],
            "t_inference": [
                0.030999265611171722,
                0.04508932679891586,
                0.06357121467590332,
                0.13326886296272278,
                0.2459409236907959
            ],
            "hyperparams": [
                {
                    "in_dim": 32,
                    "out_dim": 1,
                    "loss": "mse",
                    "bottleneck_dim": 512,
                    "n_blocks": 1,
                    "hidden_dim": 18,
                    "lr": 0.007415903276510948,
                    "end_lr_factor": 0.15806712739233023,
                    "n_epochs": 11,
                    "weight_decay": 2.7069636969457293e-06,
                    "batch_size": 128
                },
                {
                    "in_dim": 32,
                    "out_dim": 1,
                    "loss": "mse",
                    "bottleneck_dim": 512,
                    "n_blocks": 1,
                    "hidden_dim": 28,
                    "lr": 0.003502916895953538,
                    "end_lr_factor": 0.022045161321423718,
                    "n_epochs": 33,
                    "weight_decay": 2.1257217543888882e-06,
                    "batch_size": 128
                },
                {
                    "in_dim": 32,
                    "out_dim": 1,
                    "loss": "mse",
                    "bottleneck_dim": 512,
                    "n_blocks": 1,
                    "hidden_dim": 21,
                    "lr": 0.0016299671465882268,
                    "end_lr_factor": 0.11290416837915528,
                    "n_epochs": 43,
                    "weight_decay": 0.0005664509722575874,
                    "batch_size": 128
                },
                {
                    "in_dim": 32,
                    "out_dim": 1,
                    "loss": "mse",
                    "bottleneck_dim": 512,
                    "n_blocks": 2,
                    "hidden_dim": 50,
                    "lr": 0.005040554229750777,
                    "end_lr_factor": 0.368133543427544,
                    "n_epochs": 43,
                    "weight_decay": 0.0005089067469660176,
                    "batch_size": 128
                },
                {
                    "in_dim": 32,
                    "out_dim": 1,
                    "loss": "mse",
                    "bottleneck_dim": 512,
                    "n_blocks": 10,
                    "hidden_dim": 17,
                    "lr": 0.009742941845898415,
                    "end_lr_factor": 0.19053556310384256,
                    "n_epochs": 26,
                    "weight_decay": 0.00022164126059199543,
                    "batch_size": 128
                }
            ]
        }
    }
}