{
    "44989": {
        "End2End_cpu": {
            "score_train": [
                0.2128286063671112,
                0.17810001969337463,
                0.2119695097208023,
                0.20540742576122284,
                0.18346869945526123
            ],
            "score_test": [
                0.2898477613925934,
                0.32229170203208923,
                0.3239341378211975,
                0.29108360409736633,
                0.29136475920677185
            ],
            "t_fit": [
                8.922078393399715,
                22.78028193116188,
                62.28298555314541,
                8.44446536153555,
                6.790887638926506
            ],
            "t_inference": [
                0.07196233421564102,
                0.6086722537875175,
                0.548879086971283,
                0.19485773146152496,
                0.06531704217195511
            ],
            "hyperparams": [
                {
                    "in_dim": 132,
                    "out_dim": 1,
                    "loss": "mse",
                    "bottleneck_dim": 512,
                    "n_blocks": 1,
                    "hidden_dim": 143,
                    "lr": 0.014301567675563804,
                    "end_lr_factor": 0.41637625141569407,
                    "n_epochs": 42,
                    "weight_decay": 0.0005857472200333624,
                    "batch_size": 512
                },
                {
                    "in_dim": 132,
                    "out_dim": 1,
                    "loss": "mse",
                    "bottleneck_dim": 512,
                    "n_blocks": 4,
                    "hidden_dim": 431,
                    "lr": 0.004570563099801453,
                    "end_lr_factor": 0.15751320499779725,
                    "n_epochs": 12,
                    "weight_decay": 2.9375384576328313e-06,
                    "batch_size": 128
                },
                {
                    "in_dim": 132,
                    "out_dim": 1,
                    "loss": "mse",
                    "bottleneck_dim": 512,
                    "n_blocks": 8,
                    "hidden_dim": 193,
                    "lr": 0.0194431586875415,
                    "end_lr_factor": 0.1886481055859582,
                    "n_epochs": 46,
                    "weight_decay": 9.081560577508307e-06,
                    "batch_size": 384
                },
                {
                    "in_dim": 132,
                    "out_dim": 1,
                    "loss": "mse",
                    "bottleneck_dim": 512,
                    "n_blocks": 3,
                    "hidden_dim": 181,
                    "lr": 0.02392198911049705,
                    "end_lr_factor": 0.1083191218314781,
                    "n_epochs": 11,
                    "weight_decay": 2.0540052614239206e-06,
                    "batch_size": 128
                },
                {
                    "in_dim": 132,
                    "out_dim": 1,
                    "loss": "mse",
                    "bottleneck_dim": 512,
                    "n_blocks": 1,
                    "hidden_dim": 155,
                    "lr": 0.010090821522473505,
                    "end_lr_factor": 0.03670791533482606,
                    "n_epochs": 26,
                    "weight_decay": 0.0004877113093952245,
                    "batch_size": 256
                }
            ]
        }
    }
}