{
    "44965": {
        "GreedyRFRBoostScalar_batchnormFalse": {
            "score_train": [
                0.7688607573509216,
                0.8049473166465759,
                0.7553539276123047,
                0.7517166137695312,
                0.756496250629425
            ],
            "score_test": [
                0.9003658890724182,
                0.855082094669342,
                0.8596094846725464,
                0.9673354029655457,
                0.7501936554908752
            ],
            "t_fit": [
                0.5378759484738111,
                0.48176307789981365,
                0.129473140463233,
                0.15750923939049244,
                0.6333938166499138
            ],
            "t_inference": [
                0.2306816130876541,
                0.21086733415722847,
                0.053663453087210655,
                0.06333201006054878,
                0.23039644956588745
            ],
            "hyperparams": [
                {
                    "in_dim": 116,
                    "out_dim": 1,
                    "feature_type": "SWIM",
                    "upscale_type": "SWIM",
                    "randfeat_xt_dim": 512,
                    "randfeat_x0_dim": 512,
                    "sandwich_solver": "scalar",
                    "activation": "tanh",
                    "use_batchnorm": false,
                    "add_features": false,
                    "n_layers": 10,
                    "l2_reg": 0.002275322155114472,
                    "l2_ghat": 3.1668798413616385e-05,
                    "boost_lr": 0.6888426155828195,
                    "hidden_dim": 372,
                    "SWIM_scale": 0.8605301622130425
                },
                {
                    "in_dim": 116,
                    "out_dim": 1,
                    "feature_type": "SWIM",
                    "upscale_type": "SWIM",
                    "randfeat_xt_dim": 512,
                    "randfeat_x0_dim": 512,
                    "sandwich_solver": "scalar",
                    "activation": "tanh",
                    "use_batchnorm": false,
                    "add_features": false,
                    "n_layers": 8,
                    "l2_reg": 0.017588628464813807,
                    "l2_ghat": 9.653305978493513,
                    "boost_lr": 0.32968661335719596,
                    "hidden_dim": 382,
                    "SWIM_scale": 1.1213021272598844
                },
                {
                    "in_dim": 116,
                    "out_dim": 1,
                    "feature_type": "SWIM",
                    "upscale_type": "SWIM",
                    "randfeat_xt_dim": 512,
                    "randfeat_x0_dim": 512,
                    "sandwich_solver": "scalar",
                    "activation": "tanh",
                    "use_batchnorm": false,
                    "add_features": false,
                    "n_layers": 2,
                    "l2_reg": 0.0035797102567875637,
                    "l2_ghat": 9.668133507382337e-05,
                    "boost_lr": 0.143966616822109,
                    "hidden_dim": 432,
                    "SWIM_scale": 1.060467536933258
                },
                {
                    "in_dim": 116,
                    "out_dim": 1,
                    "feature_type": "SWIM",
                    "upscale_type": "SWIM",
                    "randfeat_xt_dim": 512,
                    "randfeat_x0_dim": 512,
                    "sandwich_solver": "scalar",
                    "activation": "tanh",
                    "use_batchnorm": false,
                    "add_features": false,
                    "n_layers": 3,
                    "l2_reg": 0.0041398380233883415,
                    "l2_ghat": 1.8324102234853256e-05,
                    "boost_lr": 0.13933436462148477,
                    "hidden_dim": 377,
                    "SWIM_scale": 0.9869094789899977
                },
                {
                    "in_dim": 116,
                    "out_dim": 1,
                    "feature_type": "SWIM",
                    "upscale_type": "SWIM",
                    "randfeat_xt_dim": 512,
                    "randfeat_x0_dim": 512,
                    "sandwich_solver": "scalar",
                    "activation": "tanh",
                    "use_batchnorm": false,
                    "add_features": false,
                    "n_layers": 9,
                    "l2_reg": 0.0027476769733400944,
                    "l2_ghat": 0.00034138322541842336,
                    "boost_lr": 0.24850112477993128,
                    "hidden_dim": 433,
                    "SWIM_scale": 1.0798939735018953
                }
            ]
        }
    }
}