{
    "44970": {
        "End2End_cpu": {
            "score_train": [
                0.5143890380859375,
                0.5415194034576416,
                0.5336066484451294,
                0.5371634364128113,
                0.5264815092086792
            ],
            "score_test": [
                0.6808782815933228,
                0.6357091069221497,
                0.6002452373504639,
                0.5908790826797485,
                0.6535074710845947
            ],
            "t_fit": [
                62.82151289656758,
                38.035600785166025,
                13.994640786200762,
                15.649784870445728,
                31.898918818682432
            ],
            "t_inference": [
                0.06065862998366356,
                0.07921086251735687,
                0.07821010425686836,
                0.026881810277700424,
                0.13991640135645866
            ],
            "hyperparams": [
                {
                    "in_dim": 6,
                    "out_dim": 1,
                    "loss": "mse",
                    "bottleneck_dim": 512,
                    "n_blocks": 5,
                    "hidden_dim": 326,
                    "lr": 0.002195416572186338,
                    "end_lr_factor": 0.15849280406590938,
                    "n_epochs": 28,
                    "weight_decay": 0.00019881354076093898,
                    "batch_size": 256
                },
                {
                    "in_dim": 6,
                    "out_dim": 1,
                    "loss": "mse",
                    "bottleneck_dim": 512,
                    "n_blocks": 8,
                    "hidden_dim": 205,
                    "lr": 0.005806395111456528,
                    "end_lr_factor": 0.9623497399332772,
                    "n_epochs": 25,
                    "weight_decay": 0.00010900191059133601,
                    "batch_size": 256
                },
                {
                    "in_dim": 6,
                    "out_dim": 1,
                    "loss": "mse",
                    "bottleneck_dim": 512,
                    "n_blocks": 8,
                    "hidden_dim": 143,
                    "lr": 0.003661635292542886,
                    "end_lr_factor": 0.4759655701805175,
                    "n_epochs": 37,
                    "weight_decay": 0.0004003798916674537,
                    "batch_size": 256
                },
                {
                    "in_dim": 6,
                    "out_dim": 1,
                    "loss": "mse",
                    "bottleneck_dim": 512,
                    "n_blocks": 3,
                    "hidden_dim": 97,
                    "lr": 0.0027892517245745314,
                    "end_lr_factor": 0.1722319208700613,
                    "n_epochs": 15,
                    "weight_decay": 1.9017439006744984e-06,
                    "batch_size": 128
                },
                {
                    "in_dim": 6,
                    "out_dim": 1,
                    "loss": "mse",
                    "bottleneck_dim": 512,
                    "n_blocks": 8,
                    "hidden_dim": 320,
                    "lr": 0.00660747446273445,
                    "end_lr_factor": 0.2943420008061458,
                    "n_epochs": 45,
                    "weight_decay": 6.630829288390016e-05,
                    "batch_size": 256
                }
            ]
        }
    }
}