{
    "44989": {
        "GreedyRFRBoostScalar_batchnormFalse": {
            "score_train": [
                0.2678494155406952,
                0.2651873826980591,
                0.2585411071777344,
                0.26704785227775574,
                0.2656659483909607
            ],
            "score_test": [
                0.29019251465797424,
                0.2908214330673218,
                0.31068000197410583,
                0.2821193337440491,
                0.2925395667552948
            ],
            "t_fit": [
                2.543506134301424,
                2.7355898432433605,
                0.9751260317862034,
                0.7261374741792679,
                2.6653907634317875
            ],
            "t_inference": [
                1.3186639286577702,
                1.548750601708889,
                0.55743008852005,
                0.35687365755438805,
                1.454918835312128
            ],
            "hyperparams": [
                {
                    "in_dim": 132,
                    "out_dim": 1,
                    "feature_type": "SWIM",
                    "upscale_type": "SWIM",
                    "randfeat_xt_dim": 512,
                    "randfeat_x0_dim": 512,
                    "sandwich_solver": "scalar",
                    "activation": "tanh",
                    "use_batchnorm": false,
                    "add_features": false,
                    "n_layers": 8,
                    "l2_reg": 1.0300250331408236e-05,
                    "l2_ghat": 9.776841141539494,
                    "boost_lr": 0.4135030069184908,
                    "hidden_dim": 463,
                    "SWIM_scale": 0.6616161166062382
                },
                {
                    "in_dim": 132,
                    "out_dim": 1,
                    "feature_type": "SWIM",
                    "upscale_type": "SWIM",
                    "randfeat_xt_dim": 512,
                    "randfeat_x0_dim": 512,
                    "sandwich_solver": "scalar",
                    "activation": "tanh",
                    "use_batchnorm": false,
                    "add_features": false,
                    "n_layers": 10,
                    "l2_reg": 0.00013373177509576375,
                    "l2_ghat": 0.7172471977044924,
                    "boost_lr": 0.6265305377057723,
                    "hidden_dim": 512,
                    "SWIM_scale": 1.3589702296607105
                },
                {
                    "in_dim": 132,
                    "out_dim": 1,
                    "feature_type": "SWIM",
                    "upscale_type": "SWIM",
                    "randfeat_xt_dim": 512,
                    "randfeat_x0_dim": 512,
                    "sandwich_solver": "scalar",
                    "activation": "tanh",
                    "use_batchnorm": false,
                    "add_features": false,
                    "n_layers": 4,
                    "l2_reg": 1.0710313475928674e-05,
                    "l2_ghat": 2.2593990898862985e-05,
                    "boost_lr": 0.9147494113425936,
                    "hidden_dim": 507,
                    "SWIM_scale": 0.7456105361934622
                },
                {
                    "in_dim": 132,
                    "out_dim": 1,
                    "feature_type": "SWIM",
                    "upscale_type": "SWIM",
                    "randfeat_xt_dim": 512,
                    "randfeat_x0_dim": 512,
                    "sandwich_solver": "scalar",
                    "activation": "tanh",
                    "use_batchnorm": false,
                    "add_features": false,
                    "n_layers": 2,
                    "l2_reg": 1.647419771322585e-05,
                    "l2_ghat": 1.318274337717716,
                    "boost_lr": 0.21026261722152464,
                    "hidden_dim": 505,
                    "SWIM_scale": 0.7345509617691387
                },
                {
                    "in_dim": 132,
                    "out_dim": 1,
                    "feature_type": "SWIM",
                    "upscale_type": "SWIM",
                    "randfeat_xt_dim": 512,
                    "randfeat_x0_dim": 512,
                    "sandwich_solver": "scalar",
                    "activation": "tanh",
                    "use_batchnorm": false,
                    "add_features": false,
                    "n_layers": 9,
                    "l2_reg": 1.448097204840515e-05,
                    "l2_ghat": 0.002191041646302938,
                    "boost_lr": 0.5586451188394129,
                    "hidden_dim": 458,
                    "SWIM_scale": 0.7550100234647109
                }
            ]
        }
    }
}