{
    "44993": {
        "GreedyRFRBoostDiag_batchnormFalse": {
            "score_train": [
                0.755094051361084,
                0.7470805644989014,
                0.748255729675293,
                0.7355479598045349,
                0.7517809271812439
            ],
            "score_test": [
                0.7510586977005005,
                0.778253436088562,
                0.7658517360687256,
                0.8015584349632263,
                0.7681270241737366
            ],
            "t_fit": [
                0.9813318848609924,
                2.774137407541275,
                1.9300802052021027,
                4.233912251889706,
                3.3839394450187683
            ],
            "t_inference": [
                0.3953804299235344,
                0.8969454318284988,
                0.8218077272176743,
                1.6435058414936066,
                1.1839973255991936
            ],
            "hyperparams": [
                {
                    "in_dim": 25,
                    "out_dim": 1,
                    "feature_type": "SWIM",
                    "upscale_type": "SWIM",
                    "randfeat_xt_dim": 512,
                    "randfeat_x0_dim": 512,
                    "sandwich_solver": "diag",
                    "activation": "tanh",
                    "use_batchnorm": false,
                    "add_features": false,
                    "n_layers": 10,
                    "l2_reg": 0.2814102170822009,
                    "l2_ghat": 2.245417174655594e-05,
                    "boost_lr": 0.4999719758568654,
                    "hidden_dim": 272,
                    "SWIM_scale": 1.6632233895553437
                },
                {
                    "in_dim": 25,
                    "out_dim": 1,
                    "feature_type": "SWIM",
                    "upscale_type": "SWIM",
                    "randfeat_xt_dim": 512,
                    "randfeat_x0_dim": 512,
                    "sandwich_solver": "diag",
                    "activation": "tanh",
                    "use_batchnorm": false,
                    "add_features": false,
                    "n_layers": 10,
                    "l2_reg": 0.0015871943904588418,
                    "l2_ghat": 1.0590605189867875e-05,
                    "boost_lr": 0.1923670731355813,
                    "hidden_dim": 179,
                    "SWIM_scale": 0.6721731116583662
                },
                {
                    "in_dim": 25,
                    "out_dim": 1,
                    "feature_type": "SWIM",
                    "upscale_type": "SWIM",
                    "randfeat_xt_dim": 512,
                    "randfeat_x0_dim": 512,
                    "sandwich_solver": "diag",
                    "activation": "tanh",
                    "use_batchnorm": false,
                    "add_features": false,
                    "n_layers": 9,
                    "l2_reg": 0.046204930916811215,
                    "l2_ghat": 1.0085954755276894e-05,
                    "boost_lr": 0.20106430746722392,
                    "hidden_dim": 275,
                    "SWIM_scale": 1.3856816674878245
                },
                {
                    "in_dim": 25,
                    "out_dim": 1,
                    "feature_type": "SWIM",
                    "upscale_type": "SWIM",
                    "randfeat_xt_dim": 512,
                    "randfeat_x0_dim": 512,
                    "sandwich_solver": "diag",
                    "activation": "tanh",
                    "use_batchnorm": false,
                    "add_features": false,
                    "n_layers": 10,
                    "l2_reg": 0.061375485819150984,
                    "l2_ghat": 1.6214344467309983e-05,
                    "boost_lr": 0.1657762945098402,
                    "hidden_dim": 505,
                    "SWIM_scale": 1.5866291019323246
                },
                {
                    "in_dim": 25,
                    "out_dim": 1,
                    "feature_type": "SWIM",
                    "upscale_type": "SWIM",
                    "randfeat_xt_dim": 512,
                    "randfeat_x0_dim": 512,
                    "sandwich_solver": "diag",
                    "activation": "tanh",
                    "use_batchnorm": false,
                    "add_features": false,
                    "n_layers": 8,
                    "l2_reg": 0.022118080136744225,
                    "l2_ghat": 6.943808659732478e-05,
                    "boost_lr": 0.12749485850212608,
                    "hidden_dim": 489,
                    "SWIM_scale": 1.5778568982625172
                }
            ]
        }
    }
}