{
    "44975": {
        "GreedyRFRBoostDense_ID_batchnormFalse": {
            "score_train": [
                0.02067163586616516,
                0.01899753138422966,
                0.023163992911577225,
                0.020391128957271576,
                0.022445831447839737
            ],
            "score_test": [
                0.02168348990380764,
                0.040789730846881866,
                0.019260764122009277,
                0.02395569533109665,
                0.022646566852927208
            ],
            "t_fit": [
                3.3998687341809273,
                2.821799099445343,
                3.8686323687434196,
                2.556905545294285,
                2.125789262354374
            ],
            "t_inference": [
                0.3980220705270767,
                0.3441869542002678,
                0.4773390144109726,
                0.2965709790587425,
                0.22812263667583466
            ],
            "hyperparams": [
                {
                    "in_dim": 48,
                    "out_dim": 1,
                    "feature_type": "SWIM",
                    "upscale_type": "identity",
                    "randfeat_xt_dim": 512,
                    "randfeat_x0_dim": 512,
                    "sandwich_solver": "dense",
                    "activation": "tanh",
                    "use_batchnorm": false,
                    "add_features": false,
                    "n_layers": 10,
                    "l2_reg": 4.578180693449988e-05,
                    "l2_ghat": 3.011585034138562e-05,
                    "boost_lr": 0.1096916221144822,
                    "hidden_dim": 48,
                    "SWIM_scale": 0.8828828035252076
                },
                {
                    "in_dim": 48,
                    "out_dim": 1,
                    "feature_type": "SWIM",
                    "upscale_type": "identity",
                    "randfeat_xt_dim": 512,
                    "randfeat_x0_dim": 512,
                    "sandwich_solver": "dense",
                    "activation": "tanh",
                    "use_batchnorm": false,
                    "add_features": false,
                    "n_layers": 8,
                    "l2_reg": 1.0049876172419997e-05,
                    "l2_ghat": 0.0004218980184690361,
                    "boost_lr": 0.10056254914817658,
                    "hidden_dim": 48,
                    "SWIM_scale": 1.2596610543069362
                },
                {
                    "in_dim": 48,
                    "out_dim": 1,
                    "feature_type": "SWIM",
                    "upscale_type": "identity",
                    "randfeat_xt_dim": 512,
                    "randfeat_x0_dim": 512,
                    "sandwich_solver": "dense",
                    "activation": "tanh",
                    "use_batchnorm": false,
                    "add_features": false,
                    "n_layers": 10,
                    "l2_reg": 1.0662728708072739e-05,
                    "l2_ghat": 0.0005189503995634172,
                    "boost_lr": 0.10807896261956533,
                    "hidden_dim": 48,
                    "SWIM_scale": 1.3235856937509884
                },
                {
                    "in_dim": 48,
                    "out_dim": 1,
                    "feature_type": "SWIM",
                    "upscale_type": "identity",
                    "randfeat_xt_dim": 512,
                    "randfeat_x0_dim": 512,
                    "sandwich_solver": "dense",
                    "activation": "tanh",
                    "use_batchnorm": false,
                    "add_features": false,
                    "n_layers": 7,
                    "l2_reg": 0.00024595120207303,
                    "l2_ghat": 4.555007075591446e-05,
                    "boost_lr": 0.21539712878820844,
                    "hidden_dim": 48,
                    "SWIM_scale": 0.8175679472644714
                },
                {
                    "in_dim": 48,
                    "out_dim": 1,
                    "feature_type": "SWIM",
                    "upscale_type": "identity",
                    "randfeat_xt_dim": 512,
                    "randfeat_x0_dim": 512,
                    "sandwich_solver": "dense",
                    "activation": "tanh",
                    "use_batchnorm": false,
                    "add_features": false,
                    "n_layers": 5,
                    "l2_reg": 5.112395208095643e-05,
                    "l2_ghat": 4.4028574264549446e-05,
                    "boost_lr": 0.1562747006507209,
                    "hidden_dim": 48,
                    "SWIM_scale": 0.994732603522639
                }
            ]
        }
    }
}