{
    "44959": {
        "RFNN_iid": {
            "score_train": [
                0.2376922219991684,
                0.2616533041000366,
                0.26123133301734924,
                0.23021234571933746,
                0.24831561744213104
            ],
            "score_test": [
                0.3783244788646698,
                0.3185076415538788,
                0.34386181831359863,
                0.31600767374038696,
                0.3200230896472931
            ],
            "t_fit": [
                0.008711177855730057,
                0.007863455452024937,
                0.01177119230851531,
                0.008430549874901772,
                0.009791907854378223
            ],
            "t_inference": [
                0.002027415204793215,
                0.001858890987932682,
                0.002350553870201111,
                0.0018864120356738567,
                0.0020394548773765564
            ],
            "hyperparams": [
                {
                    "n_layers": 0,
                    "in_dim": 8,
                    "out_dim": 1,
                    "upscale_type": "iid",
                    "activation": "tanh",
                    "use_batchnorm": false,
                    "l2_reg": 6.594606470321815e-05,
                    "hidden_dim": 434,
                    "iid_scale": 1.0642203192586372
                },
                {
                    "n_layers": 0,
                    "in_dim": 8,
                    "out_dim": 1,
                    "upscale_type": "iid",
                    "activation": "tanh",
                    "use_batchnorm": false,
                    "l2_reg": 1.561722698875669e-05,
                    "hidden_dim": 418,
                    "iid_scale": 0.7272865946712883
                },
                {
                    "n_layers": 0,
                    "in_dim": 8,
                    "out_dim": 1,
                    "upscale_type": "iid",
                    "activation": "tanh",
                    "use_batchnorm": false,
                    "l2_reg": 0.00020973278797783057,
                    "hidden_dim": 509,
                    "iid_scale": 1.1398071020663243
                },
                {
                    "n_layers": 0,
                    "in_dim": 8,
                    "out_dim": 1,
                    "upscale_type": "iid",
                    "activation": "tanh",
                    "use_batchnorm": false,
                    "l2_reg": 2.159543594640746e-05,
                    "hidden_dim": 434,
                    "iid_scale": 1.0006896955680327
                },
                {
                    "n_layers": 0,
                    "in_dim": 8,
                    "out_dim": 1,
                    "upscale_type": "iid",
                    "activation": "tanh",
                    "use_batchnorm": false,
                    "l2_reg": 0.00013360153660688884,
                    "hidden_dim": 469,
                    "iid_scale": 1.2186698455791218
                }
            ]
        }
    }
}