{
    "44976": {
        "End2End_cpu": {
            "score_train": [
                0.08858177810907364,
                0.07878314703702927,
                0.08656034618616104,
                0.07113737612962723,
                0.06578023731708527
            ],
            "score_test": [
                0.1623978316783905,
                0.15110287070274353,
                0.15908968448638916,
                0.16950151324272156,
                0.16366355121135712
            ],
            "t_fit": [
                25.006939850747585,
                65.14747266471386,
                47.43472737073898,
                59.137604020535946,
                53.93423907458782
            ],
            "t_inference": [
                0.2127804234623909,
                0.40090399980545044,
                0.4687383249402046,
                0.3905264213681221,
                0.35886891186237335
            ],
            "hyperparams": [
                {
                    "in_dim": 21,
                    "out_dim": 1,
                    "loss": "mse",
                    "bottleneck_dim": 512,
                    "n_blocks": 2,
                    "hidden_dim": 290,
                    "lr": 0.0007187927035899139,
                    "end_lr_factor": 0.022855439496676195,
                    "n_epochs": 34,
                    "weight_decay": 6.168498139132152e-05,
                    "batch_size": 128
                },
                {
                    "in_dim": 21,
                    "out_dim": 1,
                    "loss": "mse",
                    "bottleneck_dim": 512,
                    "n_blocks": 3,
                    "hidden_dim": 408,
                    "lr": 0.0009990982045789704,
                    "end_lr_factor": 0.0828233525088608,
                    "n_epochs": 50,
                    "weight_decay": 4.327837218412985e-06,
                    "batch_size": 128
                },
                {
                    "in_dim": 21,
                    "out_dim": 1,
                    "loss": "mse",
                    "bottleneck_dim": 512,
                    "n_blocks": 3,
                    "hidden_dim": 447,
                    "lr": 0.0005585409100244086,
                    "end_lr_factor": 0.030174741873739645,
                    "n_epochs": 32,
                    "weight_decay": 0.0008182800646324265,
                    "batch_size": 128
                },
                {
                    "in_dim": 21,
                    "out_dim": 1,
                    "loss": "mse",
                    "bottleneck_dim": 512,
                    "n_blocks": 3,
                    "hidden_dim": 338,
                    "lr": 0.0006415911621150092,
                    "end_lr_factor": 0.027991993117550587,
                    "n_epochs": 48,
                    "weight_decay": 0.00015233329849439743,
                    "batch_size": 128
                },
                {
                    "in_dim": 21,
                    "out_dim": 1,
                    "loss": "mse",
                    "bottleneck_dim": 512,
                    "n_blocks": 3,
                    "hidden_dim": 416,
                    "lr": 0.0002911127657902177,
                    "end_lr_factor": 0.019324465220786707,
                    "n_epochs": 42,
                    "weight_decay": 0.00011076355818006415,
                    "batch_size": 128
                }
            ]
        }
    }
}