{
    "44994": {
        "End2End_cpu": {
            "score_train": [
                0.19707995653152466,
                0.16490457952022552,
                0.18132422864437103,
                0.16893287003040314,
                0.18087337911128998
            ],
            "score_test": [
                0.23031671345233917,
                0.23314903676509857,
                0.22688181698322296,
                0.24559691548347473,
                0.21103690564632416
            ],
            "t_fit": [
                125.14553879573941,
                2.6290325708687305,
                2.348220769315958,
                3.720295272767544,
                2.3882174864411354
            ],
            "t_inference": [
                0.024911772459745407,
                0.02711990475654602,
                0.013915851712226868,
                0.022050276398658752,
                0.01332448422908783
            ],
            "hyperparams": [
                {
                    "in_dim": 17,
                    "out_dim": 1,
                    "loss": "mse",
                    "bottleneck_dim": 512,
                    "n_blocks": 2,
                    "hidden_dim": 379,
                    "lr": 0.009429523904471833,
                    "end_lr_factor": 0.22781675554738764,
                    "n_epochs": 43,
                    "weight_decay": 0.000314296645144218,
                    "batch_size": 128
                },
                {
                    "in_dim": 17,
                    "out_dim": 1,
                    "loss": "mse",
                    "bottleneck_dim": 512,
                    "n_blocks": 4,
                    "hidden_dim": 84,
                    "lr": 0.0012008961668042457,
                    "end_lr_factor": 0.22841042459450026,
                    "n_epochs": 34,
                    "weight_decay": 1.7515461204450608e-05,
                    "batch_size": 128
                },
                {
                    "in_dim": 17,
                    "out_dim": 1,
                    "loss": "mse",
                    "bottleneck_dim": 512,
                    "n_blocks": 1,
                    "hidden_dim": 307,
                    "lr": 0.00979571595274163,
                    "end_lr_factor": 0.8730602921016377,
                    "n_epochs": 41,
                    "weight_decay": 6.181835937443409e-06,
                    "batch_size": 128
                },
                {
                    "in_dim": 17,
                    "out_dim": 1,
                    "loss": "mse",
                    "bottleneck_dim": 512,
                    "n_blocks": 1,
                    "hidden_dim": 298,
                    "lr": 0.0008265141927352443,
                    "end_lr_factor": 0.0888417164659719,
                    "n_epochs": 46,
                    "weight_decay": 0.0006499615747999542,
                    "batch_size": 128
                },
                {
                    "in_dim": 17,
                    "out_dim": 1,
                    "loss": "mse",
                    "bottleneck_dim": 512,
                    "n_blocks": 1,
                    "hidden_dim": 210,
                    "lr": 0.006408151186632349,
                    "end_lr_factor": 0.7839537218793808,
                    "n_epochs": 41,
                    "weight_decay": 3.7152764392686395e-06,
                    "batch_size": 128
                }
            ]
        }
    }
}