{
    "44971": {
        "GradientRFRBoost_ID_batchnormFalse": {
            "score_train": [
                0.7001787424087524,
                0.7130008935928345,
                0.7029708027839661,
                0.733610987663269,
                0.7349591255187988
            ],
            "score_test": [
                0.7635630369186401,
                0.789376974105835,
                0.8123429417610168,
                0.7580637335777283,
                0.7595402002334595
            ],
            "t_fit": [
                1.3361937627196312,
                0.5368606075644493,
                3.2614506036043167,
                1.4092768728733063,
                0.4668232426047325
            ],
            "t_inference": [
                0.1828981712460518,
                0.06634541600942612,
                0.3715919852256775,
                0.2424902468919754,
                0.05868368595838547
            ],
            "hyperparams": [
                {
                    "in_dim": 11,
                    "out_dim": 1,
                    "feature_type": "SWIM",
                    "upscale_type": "identity",
                    "randfeat_xt_dim": 512,
                    "randfeat_x0_dim": 512,
                    "activation": "tanh",
                    "use_batchnorm": false,
                    "add_features": false,
                    "n_layers": 3,
                    "l2_reg": 0.3177934931737204,
                    "l2_ghat": 0.015740283433548087,
                    "boost_lr": 0.33545249831842855,
                    "hidden_dim": 11,
                    "SWIM_scale": 1.733292934339685
                },
                {
                    "in_dim": 11,
                    "out_dim": 1,
                    "feature_type": "SWIM",
                    "upscale_type": "identity",
                    "randfeat_xt_dim": 512,
                    "randfeat_x0_dim": 512,
                    "activation": "tanh",
                    "use_batchnorm": false,
                    "add_features": false,
                    "n_layers": 2,
                    "l2_reg": 1.4218047304865065,
                    "l2_ghat": 0.023528011907100063,
                    "boost_lr": 0.5539952708307034,
                    "hidden_dim": 11,
                    "SWIM_scale": 1.6951711199598665
                },
                {
                    "in_dim": 11,
                    "out_dim": 1,
                    "feature_type": "SWIM",
                    "upscale_type": "identity",
                    "randfeat_xt_dim": 512,
                    "randfeat_x0_dim": 512,
                    "activation": "tanh",
                    "use_batchnorm": false,
                    "add_features": false,
                    "n_layers": 6,
                    "l2_reg": 0.11339132300347105,
                    "l2_ghat": 0.019742708695072622,
                    "boost_lr": 0.13473136030076116,
                    "hidden_dim": 11,
                    "SWIM_scale": 1.6349579585177394
                },
                {
                    "in_dim": 11,
                    "out_dim": 1,
                    "feature_type": "SWIM",
                    "upscale_type": "identity",
                    "randfeat_xt_dim": 512,
                    "randfeat_x0_dim": 512,
                    "activation": "tanh",
                    "use_batchnorm": false,
                    "add_features": false,
                    "n_layers": 6,
                    "l2_reg": 0.19596837791410995,
                    "l2_ghat": 0.02211315218283037,
                    "boost_lr": 0.3249014407908035,
                    "hidden_dim": 11,
                    "SWIM_scale": 0.9263637882663724
                },
                {
                    "in_dim": 11,
                    "out_dim": 1,
                    "feature_type": "SWIM",
                    "upscale_type": "identity",
                    "randfeat_xt_dim": 512,
                    "randfeat_x0_dim": 512,
                    "activation": "tanh",
                    "use_batchnorm": false,
                    "add_features": false,
                    "n_layers": 2,
                    "l2_reg": 0.6028687665386524,
                    "l2_ghat": 0.01693427255725189,
                    "boost_lr": 0.5025239081533921,
                    "hidden_dim": 11,
                    "SWIM_scale": 1.3715904668594716
                }
            ]
        }
    }
}