{
    "44987": {
        "End2End_cpu": {
            "score_train": [
                0.06826842576265335,
                0.08750300109386444,
                0.05036618933081627,
                0.06163789704442024,
                0.07616396248340607
            ],
            "score_test": [
                0.33862489461898804,
                0.198863685131073,
                0.18602190911769867,
                0.19102232158184052,
                0.2290513515472412
            ],
            "t_fit": [
                2.8789345622062683,
                2.0879887491464615,
                1.980305254459381,
                2.1193863227963448,
                1.8800120502710342
            ],
            "t_inference": [
                0.013616740703582764,
                0.010972507297992706,
                0.00931067019701004,
                0.007471606135368347,
                0.006307519972324371
            ],
            "hyperparams": [
                {
                    "in_dim": 39,
                    "out_dim": 1,
                    "loss": "mse",
                    "bottleneck_dim": 512,
                    "n_blocks": 2,
                    "hidden_dim": 42,
                    "lr": 0.020493495977561494,
                    "end_lr_factor": 0.23978844988148457,
                    "n_epochs": 47,
                    "weight_decay": 0.0008057547059586601,
                    "batch_size": 128
                },
                {
                    "in_dim": 39,
                    "out_dim": 1,
                    "loss": "mse",
                    "bottleneck_dim": 512,
                    "n_blocks": 1,
                    "hidden_dim": 86,
                    "lr": 0.016812491362343945,
                    "end_lr_factor": 0.20776450385846149,
                    "n_epochs": 43,
                    "weight_decay": 0.00033815199929188445,
                    "batch_size": 128
                },
                {
                    "in_dim": 39,
                    "out_dim": 1,
                    "loss": "mse",
                    "bottleneck_dim": 512,
                    "n_blocks": 1,
                    "hidden_dim": 69,
                    "lr": 0.04436514788746587,
                    "end_lr_factor": 0.058186457248087985,
                    "n_epochs": 44,
                    "weight_decay": 0.0009887764706548949,
                    "batch_size": 128
                },
                {
                    "in_dim": 39,
                    "out_dim": 1,
                    "loss": "mse",
                    "bottleneck_dim": 512,
                    "n_blocks": 1,
                    "hidden_dim": 54,
                    "lr": 0.041728967397974326,
                    "end_lr_factor": 0.12852607520274523,
                    "n_epochs": 50,
                    "weight_decay": 0.0008309693765622937,
                    "batch_size": 128
                },
                {
                    "in_dim": 39,
                    "out_dim": 1,
                    "loss": "mse",
                    "bottleneck_dim": 512,
                    "n_blocks": 1,
                    "hidden_dim": 45,
                    "lr": 0.07361045257081288,
                    "end_lr_factor": 0.0570639611395262,
                    "n_epochs": 46,
                    "weight_decay": 0.0005285640760403406,
                    "batch_size": 128
                }
            ]
        }
    }
}