{
    "41021": {
        "GreedyRFRBoostScalar_batchnormFalse": {
            "score_train": [
                0.21839740872383118,
                0.20117878913879395,
                0.21855047345161438,
                0.21697065234184265,
                0.2161206603050232
            ],
            "score_test": [
                0.22135713696479797,
                0.25207608938217163,
                0.2399681955575943,
                0.21670746803283691,
                0.23355084657669067
            ],
            "t_fit": [
                0.7052068468183279,
                0.4626113921403885,
                0.2956662569195032,
                0.17822530306875706,
                0.42180759087204933
            ],
            "t_inference": [
                0.3179895207285881,
                0.20252608135342598,
                0.12934688292443752,
                0.06986827217042446,
                0.17103458940982819
            ],
            "hyperparams": [
                {
                    "in_dim": 72,
                    "out_dim": 1,
                    "feature_type": "SWIM",
                    "upscale_type": "SWIM",
                    "randfeat_xt_dim": 512,
                    "randfeat_x0_dim": 512,
                    "sandwich_solver": "scalar",
                    "activation": "tanh",
                    "use_batchnorm": false,
                    "add_features": false,
                    "n_layers": 10,
                    "l2_reg": 4.767541749748226e-05,
                    "l2_ghat": 0.0015249824178586774,
                    "boost_lr": 0.1270921256609995,
                    "hidden_dim": 391,
                    "SWIM_scale": 0.34754574468774346
                },
                {
                    "in_dim": 72,
                    "out_dim": 1,
                    "feature_type": "SWIM",
                    "upscale_type": "SWIM",
                    "randfeat_xt_dim": 512,
                    "randfeat_x0_dim": 512,
                    "sandwich_solver": "scalar",
                    "activation": "tanh",
                    "use_batchnorm": false,
                    "add_features": false,
                    "n_layers": 8,
                    "l2_reg": 0.002049200825374783,
                    "l2_ghat": 0.009663086037391454,
                    "boost_lr": 0.3557901857739462,
                    "hidden_dim": 355,
                    "SWIM_scale": 1.5070307153712892
                },
                {
                    "in_dim": 72,
                    "out_dim": 1,
                    "feature_type": "SWIM",
                    "upscale_type": "SWIM",
                    "randfeat_xt_dim": 512,
                    "randfeat_x0_dim": 512,
                    "sandwich_solver": "scalar",
                    "activation": "tanh",
                    "use_batchnorm": false,
                    "add_features": false,
                    "n_layers": 4,
                    "l2_reg": 0.00013782402143516732,
                    "l2_ghat": 0.4814590400336493,
                    "boost_lr": 0.1655332563859214,
                    "hidden_dim": 392,
                    "SWIM_scale": 0.33127991057139594
                },
                {
                    "in_dim": 72,
                    "out_dim": 1,
                    "feature_type": "SWIM",
                    "upscale_type": "SWIM",
                    "randfeat_xt_dim": 512,
                    "randfeat_x0_dim": 512,
                    "sandwich_solver": "scalar",
                    "activation": "tanh",
                    "use_batchnorm": false,
                    "add_features": false,
                    "n_layers": 2,
                    "l2_reg": 0.0002950366110220777,
                    "l2_ghat": 0.000397076412469133,
                    "boost_lr": 0.31967912372187585,
                    "hidden_dim": 363,
                    "SWIM_scale": 0.5907916427979161
                },
                {
                    "in_dim": 72,
                    "out_dim": 1,
                    "feature_type": "SWIM",
                    "upscale_type": "SWIM",
                    "randfeat_xt_dim": 512,
                    "randfeat_x0_dim": 512,
                    "sandwich_solver": "scalar",
                    "activation": "tanh",
                    "use_batchnorm": false,
                    "add_features": false,
                    "n_layers": 4,
                    "l2_reg": 9.805840061519445e-05,
                    "l2_ghat": 2.2030840416486017e-05,
                    "boost_lr": 0.25962007925298025,
                    "hidden_dim": 502,
                    "SWIM_scale": 0.35605273269161963
                }
            ]
        }
    }
}