{
    "44978": {
        "GradientRFRBoost_ID_batchnormFalse": {
            "score_train": [
                0.12976475059986115,
                0.13410691916942596,
                0.1322731077671051,
                0.13293743133544922,
                0.13495004177093506
            ],
            "score_test": [
                0.14943034946918488,
                0.13972413539886475,
                0.15933191776275635,
                0.1497880220413208,
                0.13761790096759796
            ],
            "t_fit": [
                3.470537181943655,
                4.692495454102755,
                1.7860980033874512,
                2.1333450488746166,
                1.897491429001093
            ],
            "t_inference": [
                0.45269429311156273,
                0.6786121167242527,
                0.2537873461842537,
                0.295805461704731,
                0.26901574060320854
            ],
            "hyperparams": [
                {
                    "in_dim": 21,
                    "out_dim": 1,
                    "feature_type": "SWIM",
                    "upscale_type": "identity",
                    "randfeat_xt_dim": 512,
                    "randfeat_x0_dim": 512,
                    "activation": "tanh",
                    "use_batchnorm": false,
                    "n_layers": 9,
                    "l2_reg": 1.0131356932014508,
                    "l2_ghat": 0.05829475446609725,
                    "boost_lr": 0.9214174009652222,
                    "hidden_dim": 21,
                    "SWIM_scale": 1.34618030477657
                },
                {
                    "in_dim": 21,
                    "out_dim": 1,
                    "feature_type": "SWIM",
                    "upscale_type": "identity",
                    "randfeat_xt_dim": 512,
                    "randfeat_x0_dim": 512,
                    "activation": "tanh",
                    "use_batchnorm": false,
                    "n_layers": 9,
                    "l2_reg": 0.0018141734111628016,
                    "l2_ghat": 4.721621696192929e-05,
                    "boost_lr": 0.49196771599296757,
                    "hidden_dim": 21,
                    "SWIM_scale": 0.25142638202216583
                },
                {
                    "in_dim": 21,
                    "out_dim": 1,
                    "feature_type": "SWIM",
                    "upscale_type": "identity",
                    "randfeat_xt_dim": 512,
                    "randfeat_x0_dim": 512,
                    "activation": "tanh",
                    "use_batchnorm": false,
                    "n_layers": 4,
                    "l2_reg": 0.007583960101764597,
                    "l2_ghat": 5.00430549954801e-05,
                    "boost_lr": 0.9750803954074981,
                    "hidden_dim": 21,
                    "SWIM_scale": 0.2843272808707371
                },
                {
                    "in_dim": 21,
                    "out_dim": 1,
                    "feature_type": "SWIM",
                    "upscale_type": "identity",
                    "randfeat_xt_dim": 512,
                    "randfeat_x0_dim": 512,
                    "activation": "tanh",
                    "use_batchnorm": false,
                    "n_layers": 6,
                    "l2_reg": 0.006224071796211546,
                    "l2_ghat": 4.654711881504328e-05,
                    "boost_lr": 0.5046303385300294,
                    "hidden_dim": 21,
                    "SWIM_scale": 0.3072014417628972
                },
                {
                    "in_dim": 21,
                    "out_dim": 1,
                    "feature_type": "SWIM",
                    "upscale_type": "identity",
                    "randfeat_xt_dim": 512,
                    "randfeat_x0_dim": 512,
                    "activation": "tanh",
                    "use_batchnorm": false,
                    "n_layers": 5,
                    "l2_reg": 0.005615485484783867,
                    "l2_ghat": 3.112335647597243e-05,
                    "boost_lr": 0.9573977627914148,
                    "hidden_dim": 21,
                    "SWIM_scale": 0.2548188200419973
                }
            ]
        }
    }
}