{
    "44965": {
        "GradientRFRBoost_ID_batchnormFalse": {
            "score_train": [
                0.6822657585144043,
                0.7701512575149536,
                0.6680760383605957,
                0.7218210101127625,
                0.7761700749397278
            ],
            "score_test": [
                0.8583723306655884,
                0.8527849912643433,
                0.8667953610420227,
                0.9667758345603943,
                0.7447208762168884
            ],
            "t_fit": [
                0.4894576594233513,
                0.45720748603343964,
                0.6737266257405281,
                0.39927180111408234,
                0.3646932318806648
            ],
            "t_inference": [
                0.0705166682600975,
                0.06712870299816132,
                0.08358601480722427,
                0.055284492671489716,
                0.05310618877410889
            ],
            "hyperparams": [
                {
                    "in_dim": 116,
                    "out_dim": 1,
                    "feature_type": "SWIM",
                    "upscale_type": "identity",
                    "randfeat_xt_dim": 512,
                    "randfeat_x0_dim": 512,
                    "activation": "tanh",
                    "use_batchnorm": false,
                    "add_features": false,
                    "n_layers": 4,
                    "l2_reg": 6.975081952537973,
                    "l2_ghat": 0.015677984219366444,
                    "boost_lr": 0.1025974747241784,
                    "hidden_dim": 116,
                    "SWIM_scale": 1.800237663187928
                },
                {
                    "in_dim": 116,
                    "out_dim": 1,
                    "feature_type": "SWIM",
                    "upscale_type": "identity",
                    "randfeat_xt_dim": 512,
                    "randfeat_x0_dim": 512,
                    "activation": "tanh",
                    "use_batchnorm": false,
                    "add_features": false,
                    "n_layers": 4,
                    "l2_reg": 0.41915146897100425,
                    "l2_ghat": 0.14097285531440104,
                    "boost_lr": 0.11521434171976663,
                    "hidden_dim": 116,
                    "SWIM_scale": 1.6797588372824903
                },
                {
                    "in_dim": 116,
                    "out_dim": 1,
                    "feature_type": "SWIM",
                    "upscale_type": "identity",
                    "randfeat_xt_dim": 512,
                    "randfeat_x0_dim": 512,
                    "activation": "tanh",
                    "use_batchnorm": false,
                    "add_features": false,
                    "n_layers": 5,
                    "l2_reg": 9.60566049668683,
                    "l2_ghat": 0.013517924732702184,
                    "boost_lr": 0.13995937982961798,
                    "hidden_dim": 116,
                    "SWIM_scale": 1.201548100716351
                },
                {
                    "in_dim": 116,
                    "out_dim": 1,
                    "feature_type": "SWIM",
                    "upscale_type": "identity",
                    "randfeat_xt_dim": 512,
                    "randfeat_x0_dim": 512,
                    "activation": "tanh",
                    "use_batchnorm": false,
                    "add_features": false,
                    "n_layers": 3,
                    "l2_reg": 9.465363676242323,
                    "l2_ghat": 0.04129113479556705,
                    "boost_lr": 0.14863820160429653,
                    "hidden_dim": 116,
                    "SWIM_scale": 1.5312556075530919
                },
                {
                    "in_dim": 116,
                    "out_dim": 1,
                    "feature_type": "SWIM",
                    "upscale_type": "identity",
                    "randfeat_xt_dim": 512,
                    "randfeat_x0_dim": 512,
                    "activation": "tanh",
                    "use_batchnorm": false,
                    "add_features": false,
                    "n_layers": 3,
                    "l2_reg": 6.721971135037414,
                    "l2_ghat": 0.00933045958447159,
                    "boost_lr": 0.14025440939005826,
                    "hidden_dim": 116,
                    "SWIM_scale": 1.0000309096369866
                }
            ]
        }
    }
}