{
    "44971": {
        "End2End_cpu": {
            "score_train": [
                0.12186478823423386,
                0.1105317547917366,
                0.11417742818593979,
                0.08570557087659836,
                0.11203768104314804
            ],
            "score_test": [
                0.7020334601402283,
                0.7392406463623047,
                0.7309977412223816,
                0.6882095336914062,
                0.7052409648895264
            ],
            "t_fit": [
                138.78468713909388,
                134.06023839116096,
                159.8701627328992,
                115.14457312226295,
                117.69087164103985
            ],
            "t_inference": [
                0.9191332012414932,
                0.8771102428436279,
                1.0102947428822517,
                0.9689553156495094,
                0.9017809480428696
            ],
            "hyperparams": [
                {
                    "in_dim": 11,
                    "out_dim": 1,
                    "loss": "mse",
                    "bottleneck_dim": 512,
                    "n_blocks": 8,
                    "hidden_dim": 401,
                    "lr": 0.00030616220788912726,
                    "end_lr_factor": 0.0634651396576275,
                    "n_epochs": 44,
                    "weight_decay": 0.00010078554931003614,
                    "batch_size": 128
                },
                {
                    "in_dim": 11,
                    "out_dim": 1,
                    "loss": "mse",
                    "bottleneck_dim": 512,
                    "n_blocks": 8,
                    "hidden_dim": 452,
                    "lr": 0.0002368922881324039,
                    "end_lr_factor": 0.012580496634783096,
                    "n_epochs": 42,
                    "weight_decay": 0.00013567532800716598,
                    "batch_size": 128
                },
                {
                    "in_dim": 11,
                    "out_dim": 1,
                    "loss": "mse",
                    "bottleneck_dim": 512,
                    "n_blocks": 10,
                    "hidden_dim": 409,
                    "lr": 0.00021348774370955403,
                    "end_lr_factor": 0.010152088663170316,
                    "n_epochs": 48,
                    "weight_decay": 0.0002721648003788306,
                    "batch_size": 128
                },
                {
                    "in_dim": 11,
                    "out_dim": 1,
                    "loss": "mse",
                    "bottleneck_dim": 512,
                    "n_blocks": 10,
                    "hidden_dim": 428,
                    "lr": 0.00026255742328603287,
                    "end_lr_factor": 0.024640940972511988,
                    "n_epochs": 46,
                    "weight_decay": 0.000631927445755914,
                    "batch_size": 256
                },
                {
                    "in_dim": 11,
                    "out_dim": 1,
                    "loss": "mse",
                    "bottleneck_dim": 512,
                    "n_blocks": 8,
                    "hidden_dim": 501,
                    "lr": 0.00019373573115045135,
                    "end_lr_factor": 0.028766404698995728,
                    "n_epochs": 44,
                    "weight_decay": 2.26313583546761e-05,
                    "batch_size": 128
                }
            ]
        }
    }
}