{
    "41021": {
        "GreedyRFRBoostDense_ID_batchnormFalse": {
            "score_train": [
                0.21531786024570465,
                0.2081117033958435,
                0.2166101634502411,
                0.22000613808631897,
                0.21512673795223236
            ],
            "score_test": [
                0.22070571780204773,
                0.2504790127277374,
                0.23431743681430817,
                0.21754691004753113,
                0.23295392096042633
            ],
            "t_fit": [
                1.8365019666962326,
                1.2224709237925708,
                2.0469848942011595,
                2.271138910204172,
                1.8874795488081872
            ],
            "t_inference": [
                0.09852851927280426,
                0.06411481508985162,
                0.10510193463414907,
                0.1316293040290475,
                0.10236000828444958
            ],
            "hyperparams": [
                {
                    "in_dim": 72,
                    "out_dim": 1,
                    "feature_type": "SWIM",
                    "upscale_type": "identity",
                    "randfeat_xt_dim": 512,
                    "randfeat_x0_dim": 512,
                    "sandwich_solver": "dense",
                    "activation": "tanh",
                    "use_batchnorm": false,
                    "add_features": false,
                    "n_layers": 9,
                    "l2_reg": 0.004930465284254446,
                    "l2_ghat": 0.037394033873072705,
                    "boost_lr": 0.3895019832732162,
                    "hidden_dim": 72,
                    "SWIM_scale": 0.8910989148734707
                },
                {
                    "in_dim": 72,
                    "out_dim": 1,
                    "feature_type": "SWIM",
                    "upscale_type": "identity",
                    "randfeat_xt_dim": 512,
                    "randfeat_x0_dim": 512,
                    "sandwich_solver": "dense",
                    "activation": "tanh",
                    "use_batchnorm": false,
                    "add_features": false,
                    "n_layers": 6,
                    "l2_reg": 0.006095354604255731,
                    "l2_ghat": 0.00012353564635949715,
                    "boost_lr": 0.32566679215106076,
                    "hidden_dim": 72,
                    "SWIM_scale": 0.25829520939290584
                },
                {
                    "in_dim": 72,
                    "out_dim": 1,
                    "feature_type": "SWIM",
                    "upscale_type": "identity",
                    "randfeat_xt_dim": 512,
                    "randfeat_x0_dim": 512,
                    "sandwich_solver": "dense",
                    "activation": "tanh",
                    "use_batchnorm": false,
                    "add_features": false,
                    "n_layers": 10,
                    "l2_reg": 0.019518791787212404,
                    "l2_ghat": 0.022939255395010728,
                    "boost_lr": 0.7190023323104969,
                    "hidden_dim": 72,
                    "SWIM_scale": 0.4221381854578229
                },
                {
                    "in_dim": 72,
                    "out_dim": 1,
                    "feature_type": "SWIM",
                    "upscale_type": "identity",
                    "randfeat_xt_dim": 512,
                    "randfeat_x0_dim": 512,
                    "sandwich_solver": "dense",
                    "activation": "tanh",
                    "use_batchnorm": false,
                    "add_features": false,
                    "n_layers": 10,
                    "l2_reg": 0.028182685884519255,
                    "l2_ghat": 0.003942994128738746,
                    "boost_lr": 0.6537792257192535,
                    "hidden_dim": 72,
                    "SWIM_scale": 0.2977182574377539
                },
                {
                    "in_dim": 72,
                    "out_dim": 1,
                    "feature_type": "SWIM",
                    "upscale_type": "identity",
                    "randfeat_xt_dim": 512,
                    "randfeat_x0_dim": 512,
                    "sandwich_solver": "dense",
                    "activation": "tanh",
                    "use_batchnorm": false,
                    "add_features": false,
                    "n_layers": 9,
                    "l2_reg": 0.009529914011650853,
                    "l2_ghat": 0.0008600369962749236,
                    "boost_lr": 0.20537488431145173,
                    "hidden_dim": 72,
                    "SWIM_scale": 0.3043332697508505
                }
            ]
        }
    }
}