{
    "44969": {
        "End2End_cpu": {
            "score_train": [
                0.031596068292856216,
                0.02980518341064453,
                0.03690238669514656,
                0.02928619459271431,
                0.02538417838513851
            ],
            "score_test": [
                0.04195699095726013,
                0.04313986375927925,
                0.0396525003015995,
                0.089198037981987,
                0.07377166301012039
            ],
            "t_fit": [
                31.70190964639187,
                53.67636930197477,
                90.2804891243577,
                104.10488106310368,
                13.921007573604584
            ],
            "t_inference": [
                0.2145533710718155,
                0.3593493476510048,
                0.669153057038784,
                0.6808261051774025,
                0.06113047897815704
            ],
            "hyperparams": [
                {
                    "in_dim": 14,
                    "out_dim": 1,
                    "loss": "mse",
                    "bottleneck_dim": 512,
                    "n_blocks": 3,
                    "hidden_dim": 168,
                    "lr": 0.006707010234702843,
                    "end_lr_factor": 0.012900586464581008,
                    "n_epochs": 43,
                    "weight_decay": 0.00011433858501458502,
                    "batch_size": 128
                },
                {
                    "in_dim": 14,
                    "out_dim": 1,
                    "loss": "mse",
                    "bottleneck_dim": 512,
                    "n_blocks": 3,
                    "hidden_dim": 353,
                    "lr": 0.00014116663803377634,
                    "end_lr_factor": 0.018826788581371896,
                    "n_epochs": 48,
                    "weight_decay": 2.2515273766480642e-06,
                    "batch_size": 128
                },
                {
                    "in_dim": 14,
                    "out_dim": 1,
                    "loss": "mse",
                    "bottleneck_dim": 512,
                    "n_blocks": 8,
                    "hidden_dim": 207,
                    "lr": 0.0003138332560612631,
                    "end_lr_factor": 0.014090453638314309,
                    "n_epochs": 50,
                    "weight_decay": 1.640890042545031e-06,
                    "batch_size": 128
                },
                {
                    "in_dim": 14,
                    "out_dim": 1,
                    "loss": "mse",
                    "bottleneck_dim": 512,
                    "n_blocks": 10,
                    "hidden_dim": 154,
                    "lr": 0.007041830285015997,
                    "end_lr_factor": 0.010862348973937114,
                    "n_epochs": 49,
                    "weight_decay": 0.0005284384205738843,
                    "batch_size": 128
                },
                {
                    "in_dim": 14,
                    "out_dim": 1,
                    "loss": "mse",
                    "bottleneck_dim": 512,
                    "n_blocks": 2,
                    "hidden_dim": 61,
                    "lr": 0.0031564581208024835,
                    "end_lr_factor": 0.022547648112673964,
                    "n_epochs": 50,
                    "weight_decay": 0.00018823738781172637,
                    "batch_size": 128
                }
            ]
        }
    }
}