{
    "44983": {
        "End2End_cpu": {
            "score_train": [
                0.1615825891494751,
                0.17029640078544617,
                0.17607751488685608,
                0.17020991444587708,
                0.18290378153324127
            ],
            "score_test": [
                0.20814935863018036,
                0.2633667290210724,
                0.2479817122220993,
                0.2251824587583542,
                0.22813618183135986
            ],
            "t_fit": [
                9.778109572827816,
                9.23472774028778,
                99.36918846517801,
                47.384128890931606,
                13.780952006578445
            ],
            "t_inference": [
                0.037786394357681274,
                0.02972356230020523,
                0.6364440619945526,
                0.3217691406607628,
                0.04861699044704437
            ],
            "hyperparams": [
                {
                    "in_dim": 15,
                    "out_dim": 1,
                    "loss": "mse",
                    "bottleneck_dim": 512,
                    "n_blocks": 1,
                    "hidden_dim": 62,
                    "lr": 0.021833348021418588,
                    "end_lr_factor": 0.016115365736172976,
                    "n_epochs": 47,
                    "weight_decay": 0.0004046372571776565,
                    "batch_size": 128
                },
                {
                    "in_dim": 15,
                    "out_dim": 1,
                    "loss": "mse",
                    "bottleneck_dim": 512,
                    "n_blocks": 1,
                    "hidden_dim": 36,
                    "lr": 0.01915530698308488,
                    "end_lr_factor": 0.01924510586657603,
                    "n_epochs": 46,
                    "weight_decay": 0.00045091343694668906,
                    "batch_size": 128
                },
                {
                    "in_dim": 15,
                    "out_dim": 1,
                    "loss": "mse",
                    "bottleneck_dim": 512,
                    "n_blocks": 10,
                    "hidden_dim": 154,
                    "lr": 0.07041830285016017,
                    "end_lr_factor": 0.010862348973937114,
                    "n_epochs": 49,
                    "weight_decay": 0.0005284384205738843,
                    "batch_size": 128
                },
                {
                    "in_dim": 15,
                    "out_dim": 1,
                    "loss": "mse",
                    "bottleneck_dim": 512,
                    "n_blocks": 5,
                    "hidden_dim": 151,
                    "lr": 0.03649796482929213,
                    "end_lr_factor": 0.01053127674998037,
                    "n_epochs": 43,
                    "weight_decay": 0.0008702516144816608,
                    "batch_size": 128
                },
                {
                    "in_dim": 15,
                    "out_dim": 1,
                    "loss": "mse",
                    "bottleneck_dim": 512,
                    "n_blocks": 2,
                    "hidden_dim": 62,
                    "lr": 0.033321148051742334,
                    "end_lr_factor": 0.04124117658298756,
                    "n_epochs": 44,
                    "weight_decay": 0.00036393276791855565,
                    "batch_size": 128
                }
            ]
        }
    }
}