{
    "44964": {
        "GreedyRFRBoostScalar_batchnormFalse": {
            "score_train": [
                0.4187919497489929,
                0.4064521789550781,
                0.4139866530895233,
                0.40084952116012573,
                0.4124325215816498
            ],
            "score_test": [
                0.40927547216415405,
                0.4300907850265503,
                0.4452015161514282,
                0.46045780181884766,
                0.457533061504364
            ],
            "t_fit": [
                0.38450412824749947,
                0.6703600510954857,
                0.8521440550684929,
                1.429330911487341,
                0.2416091337800026
            ],
            "t_inference": [
                0.1817123405635357,
                0.34449492767453194,
                0.4188096784055233,
                0.7030918970704079,
                0.11311835423111916
            ],
            "hyperparams": [
                {
                    "in_dim": 81,
                    "out_dim": 1,
                    "feature_type": "SWIM",
                    "upscale_type": "SWIM",
                    "randfeat_xt_dim": 512,
                    "randfeat_x0_dim": 512,
                    "sandwich_solver": "scalar",
                    "activation": "tanh",
                    "use_batchnorm": false,
                    "add_features": false,
                    "n_layers": 2,
                    "l2_reg": 7.436190704074499e-05,
                    "l2_ghat": 4.925735709518403,
                    "boost_lr": 0.37651810753277637,
                    "hidden_dim": 500,
                    "SWIM_scale": 1.247691346300075
                },
                {
                    "in_dim": 81,
                    "out_dim": 1,
                    "feature_type": "SWIM",
                    "upscale_type": "SWIM",
                    "randfeat_xt_dim": 512,
                    "randfeat_x0_dim": 512,
                    "sandwich_solver": "scalar",
                    "activation": "tanh",
                    "use_batchnorm": false,
                    "add_features": false,
                    "n_layers": 4,
                    "l2_reg": 1.4023302952122482e-05,
                    "l2_ghat": 0.0004996935427944564,
                    "boost_lr": 0.6878855162323709,
                    "hidden_dim": 479,
                    "SWIM_scale": 1.0047234756800405
                },
                {
                    "in_dim": 81,
                    "out_dim": 1,
                    "feature_type": "SWIM",
                    "upscale_type": "SWIM",
                    "randfeat_xt_dim": 512,
                    "randfeat_x0_dim": 512,
                    "sandwich_solver": "scalar",
                    "activation": "tanh",
                    "use_batchnorm": false,
                    "add_features": false,
                    "n_layers": 6,
                    "l2_reg": 0.0004906840106398593,
                    "l2_ghat": 6.058436245876962e-05,
                    "boost_lr": 0.7870872069500922,
                    "hidden_dim": 456,
                    "SWIM_scale": 1.7349215937389333
                },
                {
                    "in_dim": 81,
                    "out_dim": 1,
                    "feature_type": "SWIM",
                    "upscale_type": "SWIM",
                    "randfeat_xt_dim": 512,
                    "randfeat_x0_dim": 512,
                    "sandwich_solver": "scalar",
                    "activation": "tanh",
                    "use_batchnorm": false,
                    "add_features": false,
                    "n_layers": 9,
                    "l2_reg": 3.614121862851468e-05,
                    "l2_ghat": 0.00010655666309644586,
                    "boost_lr": 0.955936540176466,
                    "hidden_dim": 512,
                    "SWIM_scale": 1.0920443694309092
                },
                {
                    "in_dim": 81,
                    "out_dim": 1,
                    "feature_type": "SWIM",
                    "upscale_type": "SWIM",
                    "randfeat_xt_dim": 512,
                    "randfeat_x0_dim": 512,
                    "sandwich_solver": "scalar",
                    "activation": "tanh",
                    "use_batchnorm": false,
                    "add_features": false,
                    "n_layers": 1,
                    "l2_reg": 0.0002656996056278979,
                    "l2_ghat": 0.3250219383441062,
                    "boost_lr": 0.9192459762380336,
                    "hidden_dim": 509,
                    "SWIM_scale": 1.4084875023035073
                }
            ]
        }
    }
}