{
    "44989": {
        "GreedyRFRBoostDiag_batchnormFalse": {
            "score_train": [
                0.25666874647140503,
                0.2569303810596466,
                0.256060391664505,
                0.26703959703445435,
                0.2524937093257904
            ],
            "score_test": [
                0.28186213970184326,
                0.28426915407180786,
                0.29893162846565247,
                0.28212201595306396,
                0.2888791263103485
            ],
            "t_fit": [
                2.0788125917315483,
                2.3688298761844635,
                1.5695747137069702,
                0.8302351981401443,
                2.2582244351506233
            ],
            "t_inference": [
                0.9025788605213165,
                0.8450372517108917,
                0.6705019026994705,
                0.3509414717555046,
                0.9848092570900917
            ],
            "hyperparams": [
                {
                    "in_dim": 132,
                    "out_dim": 1,
                    "feature_type": "SWIM",
                    "upscale_type": "SWIM",
                    "randfeat_xt_dim": 512,
                    "randfeat_x0_dim": 512,
                    "sandwich_solver": "diag",
                    "activation": "tanh",
                    "use_batchnorm": false,
                    "add_features": false,
                    "n_layers": 10,
                    "l2_reg": 0.00025834445144280884,
                    "l2_ghat": 6.244472607889403e-05,
                    "boost_lr": 0.4867943716722583,
                    "hidden_dim": 340,
                    "SWIM_scale": 0.9833304427750795
                },
                {
                    "in_dim": 132,
                    "out_dim": 1,
                    "feature_type": "SWIM",
                    "upscale_type": "SWIM",
                    "randfeat_xt_dim": 512,
                    "randfeat_x0_dim": 512,
                    "sandwich_solver": "diag",
                    "activation": "tanh",
                    "use_batchnorm": false,
                    "add_features": false,
                    "n_layers": 4,
                    "l2_reg": 5.122933705395987e-05,
                    "l2_ghat": 3.258739587859542e-05,
                    "boost_lr": 0.11864576068827168,
                    "hidden_dim": 482,
                    "SWIM_scale": 0.9785503565921794
                },
                {
                    "in_dim": 132,
                    "out_dim": 1,
                    "feature_type": "SWIM",
                    "upscale_type": "SWIM",
                    "randfeat_xt_dim": 512,
                    "randfeat_x0_dim": 512,
                    "sandwich_solver": "diag",
                    "activation": "tanh",
                    "use_batchnorm": false,
                    "add_features": false,
                    "n_layers": 5,
                    "l2_reg": 2.43657301917403e-05,
                    "l2_ghat": 1.5786319481488056e-05,
                    "boost_lr": 0.3005320675065329,
                    "hidden_dim": 450,
                    "SWIM_scale": 0.5094863594157539
                },
                {
                    "in_dim": 132,
                    "out_dim": 1,
                    "feature_type": "SWIM",
                    "upscale_type": "SWIM",
                    "randfeat_xt_dim": 512,
                    "randfeat_x0_dim": 512,
                    "sandwich_solver": "diag",
                    "activation": "tanh",
                    "use_batchnorm": false,
                    "add_features": false,
                    "n_layers": 2,
                    "l2_reg": 1.647419771322585e-05,
                    "l2_ghat": 1.318274337717716,
                    "boost_lr": 0.21026261722152464,
                    "hidden_dim": 505,
                    "SWIM_scale": 0.7345509617691387
                },
                {
                    "in_dim": 132,
                    "out_dim": 1,
                    "feature_type": "SWIM",
                    "upscale_type": "SWIM",
                    "randfeat_xt_dim": 512,
                    "randfeat_x0_dim": 512,
                    "sandwich_solver": "diag",
                    "activation": "tanh",
                    "use_batchnorm": false,
                    "add_features": false,
                    "n_layers": 9,
                    "l2_reg": 4.43103008639793e-05,
                    "l2_ghat": 3.563618158272488e-05,
                    "boost_lr": 0.3194860132151045,
                    "hidden_dim": 378,
                    "SWIM_scale": 0.7198081372043169
                }
            ]
        }
    }
}