{
    "44978": {
        "End2End_cpu": {
            "score_train": [
                0.11218422651290894,
                0.10495451092720032,
                0.10392799228429794,
                0.10614942759275436,
                0.10663728415966034
            ],
            "score_test": [
                0.146193727850914,
                0.14351485669612885,
                0.15091775357723236,
                0.14611861109733582,
                0.13862623274326324
            ],
            "t_fit": [
                71.90673562139273,
                33.86685671284795,
                38.96303190663457,
                13.307823840528727,
                32.35577568039298
            ],
            "t_inference": [
                0.41404952481389046,
                0.1164342612028122,
                0.18413157388567924,
                0.04213935136795044,
                0.20861513167619705
            ],
            "hyperparams": [
                {
                    "in_dim": 21,
                    "out_dim": 1,
                    "loss": "mse",
                    "bottleneck_dim": 512,
                    "n_blocks": 6,
                    "hidden_dim": 151,
                    "lr": 0.008548662372976721,
                    "end_lr_factor": 0.017799206045780686,
                    "n_epochs": 50,
                    "weight_decay": 6.925122385299854e-06,
                    "batch_size": 128
                },
                {
                    "in_dim": 21,
                    "out_dim": 1,
                    "loss": "mse",
                    "bottleneck_dim": 512,
                    "n_blocks": 3,
                    "hidden_dim": 42,
                    "lr": 0.006792978280918339,
                    "end_lr_factor": 0.04256189297450172,
                    "n_epochs": 46,
                    "weight_decay": 3.948619774206758e-06,
                    "batch_size": 128
                },
                {
                    "in_dim": 21,
                    "out_dim": 1,
                    "loss": "mse",
                    "bottleneck_dim": 512,
                    "n_blocks": 3,
                    "hidden_dim": 197,
                    "lr": 0.009158098825006117,
                    "end_lr_factor": 0.018105288273941138,
                    "n_epochs": 46,
                    "weight_decay": 0.00018414974948439245,
                    "batch_size": 128
                },
                {
                    "in_dim": 21,
                    "out_dim": 1,
                    "loss": "mse",
                    "bottleneck_dim": 512,
                    "n_blocks": 2,
                    "hidden_dim": 42,
                    "lr": 0.007823276541153008,
                    "end_lr_factor": 0.02564221048006792,
                    "n_epochs": 48,
                    "weight_decay": 0.000985989536512184,
                    "batch_size": 128
                },
                {
                    "in_dim": 21,
                    "out_dim": 1,
                    "loss": "mse",
                    "bottleneck_dim": 512,
                    "n_blocks": 4,
                    "hidden_dim": 97,
                    "lr": 0.007323197007798742,
                    "end_lr_factor": 0.11165505026434301,
                    "n_epochs": 50,
                    "weight_decay": 1.0983917570604153e-06,
                    "batch_size": 128
                }
            ]
        }
    }
}