{
    "44977": {
        "RFNN": {
            "score_train": [
                0.4765067398548126,
                0.4949909448623657,
                0.4757465720176697,
                0.48941493034362793,
                0.48191314935684204
            ],
            "score_test": [
                0.5416771769523621,
                0.5081175565719604,
                0.5451017022132874,
                0.5018565058708191,
                0.5306254029273987
            ],
            "t_fit": [
                0.15491168200969696,
                0.05740923434495926,
                0.10523189604282379,
                0.08790674060583115,
                0.11942683905363083
            ],
            "t_inference": [
                0.05055709928274155,
                0.017559491097927094,
                0.028857968747615814,
                0.020823992788791656,
                0.03208222985267639
            ],
            "hyperparams": [
                {
                    "n_layers": 0,
                    "in_dim": 8,
                    "out_dim": 1,
                    "upscale_type": "SWIM",
                    "activation": "tanh",
                    "use_batchnorm": false,
                    "l2_reg": 2.924153284401238e-05,
                    "hidden_dim": 508,
                    "SWIM_scale": 0.69055794691163
                },
                {
                    "n_layers": 0,
                    "in_dim": 8,
                    "out_dim": 1,
                    "upscale_type": "SWIM",
                    "activation": "tanh",
                    "use_batchnorm": false,
                    "l2_reg": 1.7622353185601037e-05,
                    "hidden_dim": 432,
                    "SWIM_scale": 0.4994338670377442
                },
                {
                    "n_layers": 0,
                    "in_dim": 8,
                    "out_dim": 1,
                    "upscale_type": "SWIM",
                    "activation": "tanh",
                    "use_batchnorm": false,
                    "l2_reg": 8.320312267816359e-05,
                    "hidden_dim": 510,
                    "SWIM_scale": 0.9053346632348931
                },
                {
                    "n_layers": 0,
                    "in_dim": 8,
                    "out_dim": 1,
                    "upscale_type": "SWIM",
                    "activation": "tanh",
                    "use_batchnorm": false,
                    "l2_reg": 2.405325224761227e-05,
                    "hidden_dim": 503,
                    "SWIM_scale": 0.6617516040492885
                },
                {
                    "n_layers": 0,
                    "in_dim": 8,
                    "out_dim": 1,
                    "upscale_type": "SWIM",
                    "activation": "tanh",
                    "use_batchnorm": false,
                    "l2_reg": 1.0187200708765267e-05,
                    "hidden_dim": 512,
                    "SWIM_scale": 0.51975795056031
                }
            ]
        }
    }
}