{
    "44993": {
        "End2End_cpu": {
            "score_train": [
                0.7472347617149353,
                0.7233071327209473,
                0.7421407699584961,
                0.7399226427078247,
                0.7216290831565857
            ],
            "score_test": [
                0.7537081837654114,
                0.7875043749809265,
                0.775506317615509,
                0.8070989847183228,
                0.7799423336982727
            ],
            "t_fit": [
                34.91725546494126,
                14.681172598153353,
                3.0462519079446793,
                4.112410005182028,
                6.964103512465954
            ],
            "t_inference": [
                0.35270706936717033,
                0.2658030390739441,
                0.06956943869590759,
                0.09058543667197227,
                0.09632701799273491
            ],
            "hyperparams": [
                {
                    "in_dim": 25,
                    "out_dim": 1,
                    "loss": "mse",
                    "bottleneck_dim": 512,
                    "n_blocks": 3,
                    "hidden_dim": 501,
                    "lr": 0.003912734492877782,
                    "end_lr_factor": 0.08157259098502488,
                    "n_epochs": 39,
                    "weight_decay": 4.125991163575445e-06,
                    "batch_size": 512
                },
                {
                    "in_dim": 25,
                    "out_dim": 1,
                    "loss": "mse",
                    "bottleneck_dim": 512,
                    "n_blocks": 2,
                    "hidden_dim": 499,
                    "lr": 0.003570143970596628,
                    "end_lr_factor": 0.1493336919815517,
                    "n_epochs": 21,
                    "weight_decay": 5.9410916507404395e-05,
                    "batch_size": 256
                },
                {
                    "in_dim": 25,
                    "out_dim": 1,
                    "loss": "mse",
                    "bottleneck_dim": 512,
                    "n_blocks": 2,
                    "hidden_dim": 88,
                    "lr": 0.005331699434668185,
                    "end_lr_factor": 0.10410334796210532,
                    "n_epochs": 15,
                    "weight_decay": 6.470867615878607e-06,
                    "batch_size": 384
                },
                {
                    "in_dim": 25,
                    "out_dim": 1,
                    "loss": "mse",
                    "bottleneck_dim": 512,
                    "n_blocks": 2,
                    "hidden_dim": 78,
                    "lr": 0.008614801646195982,
                    "end_lr_factor": 0.15279971571795634,
                    "n_epochs": 17,
                    "weight_decay": 3.7136845475978385e-06,
                    "batch_size": 512
                },
                {
                    "in_dim": 25,
                    "out_dim": 1,
                    "loss": "mse",
                    "bottleneck_dim": 512,
                    "n_blocks": 2,
                    "hidden_dim": 161,
                    "lr": 0.008011379500483692,
                    "end_lr_factor": 0.05460951266426115,
                    "n_epochs": 18,
                    "weight_decay": 3.3154604733979987e-06,
                    "batch_size": 256
                }
            ]
        }
    }
}