{
    "44994": {
        "RFNN": {
            "score_train": [
                0.1872101128101349,
                0.17313046753406525,
                0.18034905195236206,
                0.18314313888549805,
                0.1885555237531662
            ],
            "score_test": [
                0.21655434370040894,
                0.23245561122894287,
                0.2066967636346817,
                0.21615879237651825,
                0.2067939192056656
            ],
            "t_fit": [
                0.011878136545419693,
                0.00409361720085144,
                0.009850956499576569,
                0.0033363960683345795,
                0.008254013955593109
            ],
            "t_inference": [
                0.001933857798576355,
                0.0009518787264823914,
                0.0017500519752502441,
                0.0007819123566150665,
                0.001596793532371521
            ],
            "hyperparams": [
                {
                    "n_layers": 0,
                    "in_dim": 17,
                    "out_dim": 1,
                    "upscale_type": "SWIM",
                    "activation": "tanh",
                    "use_batchnorm": false,
                    "l2_reg": 0.0004261657285195434,
                    "hidden_dim": 501,
                    "SWIM_scale": 1.1113071430939891
                },
                {
                    "n_layers": 0,
                    "in_dim": 17,
                    "out_dim": 1,
                    "upscale_type": "SWIM",
                    "activation": "tanh",
                    "use_batchnorm": false,
                    "l2_reg": 3.504117573816752e-05,
                    "hidden_dim": 232,
                    "SWIM_scale": 1.5303982730949168
                },
                {
                    "n_layers": 0,
                    "in_dim": 17,
                    "out_dim": 1,
                    "upscale_type": "SWIM",
                    "activation": "tanh",
                    "use_batchnorm": false,
                    "l2_reg": 0.0007071040394086199,
                    "hidden_dim": 456,
                    "SWIM_scale": 1.8203401194660374
                },
                {
                    "n_layers": 0,
                    "in_dim": 17,
                    "out_dim": 1,
                    "upscale_type": "SWIM",
                    "activation": "tanh",
                    "use_batchnorm": false,
                    "l2_reg": 0.0002814035668328873,
                    "hidden_dim": 182,
                    "SWIM_scale": 1.8559325735052714
                },
                {
                    "n_layers": 0,
                    "in_dim": 17,
                    "out_dim": 1,
                    "upscale_type": "SWIM",
                    "activation": "tanh",
                    "use_batchnorm": false,
                    "l2_reg": 0.000696669400392941,
                    "hidden_dim": 404,
                    "SWIM_scale": 1.2641073332159007
                }
            ]
        }
    }
}