{
    "41021": {
        "End2End_cpu": {
            "score_train": [
                0.17676684260368347,
                0.1656656414270401,
                0.18390823900699615,
                0.16236962378025055,
                0.1660832315683365
            ],
            "score_test": [
                0.2453150749206543,
                0.27733585238456726,
                0.2621315121650696,
                0.2716057598590851,
                0.2687932550907135
            ],
            "t_fit": [
                8.577120639383793,
                3.167584612965584,
                1.0936094373464584,
                4.507521763443947,
                5.789471499621868
            ],
            "t_inference": [
                0.07054013013839722,
                0.028311334550380707,
                0.007303304970264435,
                0.04088735580444336,
                0.07049987465143204
            ],
            "hyperparams": [
                {
                    "in_dim": 72,
                    "out_dim": 1,
                    "loss": "mse",
                    "bottleneck_dim": 512,
                    "n_blocks": 6,
                    "hidden_dim": 173,
                    "lr": 0.007425544471037237,
                    "end_lr_factor": 0.014996785936713506,
                    "n_epochs": 38,
                    "weight_decay": 8.925767748462313e-05,
                    "batch_size": 128
                },
                {
                    "in_dim": 72,
                    "out_dim": 1,
                    "loss": "mse",
                    "bottleneck_dim": 512,
                    "n_blocks": 2,
                    "hidden_dim": 219,
                    "lr": 0.011056978992543364,
                    "end_lr_factor": 0.01464536271629235,
                    "n_epochs": 30,
                    "weight_decay": 4.327020509940798e-06,
                    "batch_size": 128
                },
                {
                    "in_dim": 72,
                    "out_dim": 1,
                    "loss": "mse",
                    "bottleneck_dim": 512,
                    "n_blocks": 1,
                    "hidden_dim": 52,
                    "lr": 0.02002466247895815,
                    "end_lr_factor": 0.04959821927560016,
                    "n_epochs": 28,
                    "weight_decay": 0.00034163220268139166,
                    "batch_size": 128
                },
                {
                    "in_dim": 72,
                    "out_dim": 1,
                    "loss": "mse",
                    "bottleneck_dim": 512,
                    "n_blocks": 2,
                    "hidden_dim": 219,
                    "lr": 0.0056490073655108075,
                    "end_lr_factor": 0.031818732613341213,
                    "n_epochs": 35,
                    "weight_decay": 0.0001903280715992932,
                    "batch_size": 128
                },
                {
                    "in_dim": 72,
                    "out_dim": 1,
                    "loss": "mse",
                    "bottleneck_dim": 512,
                    "n_blocks": 2,
                    "hidden_dim": 467,
                    "lr": 0.0020162273208570764,
                    "end_lr_factor": 0.010052162730072083,
                    "n_epochs": 26,
                    "weight_decay": 8.786424996089655e-06,
                    "batch_size": 128
                }
            ]
        }
    }
}