{
    "44969": {
        "GreedyRFRBoostDense_ID_batchnormFalse": {
            "score_train": [
                0.02001112885773182,
                0.020366108044981956,
                0.022677334025502205,
                0.0194985494017601,
                0.018571121618151665
            ],
            "score_test": [
                0.01959994249045849,
                0.021950898692011833,
                0.026559047400951385,
                0.020782597362995148,
                0.022214746102690697
            ],
            "t_fit": [
                3.138668383937329,
                2.5169646167196333,
                3.2101220414042473,
                3.7568182391114533,
                5.076938737183809
            ],
            "t_inference": [
                0.31821252685040236,
                0.24970695190131664,
                0.32916523795574903,
                0.3922632522881031,
                0.43790568970143795
            ],
            "hyperparams": [
                {
                    "in_dim": 14,
                    "out_dim": 1,
                    "feature_type": "SWIM",
                    "upscale_type": "identity",
                    "randfeat_xt_dim": 512,
                    "randfeat_x0_dim": 512,
                    "sandwich_solver": "dense",
                    "activation": "tanh",
                    "use_batchnorm": false,
                    "add_features": false,
                    "n_layers": 10,
                    "l2_reg": 3.181606580487391e-05,
                    "l2_ghat": 0.04860603150196357,
                    "boost_lr": 0.9348168153395321,
                    "hidden_dim": 14,
                    "SWIM_scale": 0.6598892464660995
                },
                {
                    "in_dim": 14,
                    "out_dim": 1,
                    "feature_type": "SWIM",
                    "upscale_type": "identity",
                    "randfeat_xt_dim": 512,
                    "randfeat_x0_dim": 512,
                    "sandwich_solver": "dense",
                    "activation": "tanh",
                    "use_batchnorm": false,
                    "add_features": false,
                    "n_layers": 8,
                    "l2_reg": 2.4908109410884947e-05,
                    "l2_ghat": 0.03720728945821739,
                    "boost_lr": 0.9956413697516677,
                    "hidden_dim": 14,
                    "SWIM_scale": 0.908534838900036
                },
                {
                    "in_dim": 14,
                    "out_dim": 1,
                    "feature_type": "SWIM",
                    "upscale_type": "identity",
                    "randfeat_xt_dim": 512,
                    "randfeat_x0_dim": 512,
                    "sandwich_solver": "dense",
                    "activation": "tanh",
                    "use_batchnorm": false,
                    "add_features": false,
                    "n_layers": 10,
                    "l2_reg": 2.8929661380149747e-05,
                    "l2_ghat": 0.13631956574206797,
                    "boost_lr": 0.8856716679223119,
                    "hidden_dim": 14,
                    "SWIM_scale": 0.8452766335075641
                },
                {
                    "in_dim": 14,
                    "out_dim": 1,
                    "feature_type": "SWIM",
                    "upscale_type": "identity",
                    "randfeat_xt_dim": 512,
                    "randfeat_x0_dim": 512,
                    "sandwich_solver": "dense",
                    "activation": "tanh",
                    "use_batchnorm": false,
                    "add_features": false,
                    "n_layers": 10,
                    "l2_reg": 3.500908925689567e-05,
                    "l2_ghat": 0.040457993541733905,
                    "boost_lr": 0.9975617917022477,
                    "hidden_dim": 14,
                    "SWIM_scale": 0.8678688475173754
                },
                {
                    "in_dim": 14,
                    "out_dim": 1,
                    "feature_type": "SWIM",
                    "upscale_type": "identity",
                    "randfeat_xt_dim": 512,
                    "randfeat_x0_dim": 512,
                    "sandwich_solver": "dense",
                    "activation": "tanh",
                    "use_batchnorm": false,
                    "add_features": false,
                    "n_layers": 10,
                    "l2_reg": 2.631992351471404e-05,
                    "l2_ghat": 0.024670677134574985,
                    "boost_lr": 0.9971636987476376,
                    "hidden_dim": 14,
                    "SWIM_scale": 1.1434386863806845
                }
            ]
        }
    }
}