{
    "44979": {
        "GreedyRFRBoostDiag_batchnormFalse": {
            "score_train": [
                0.11647875607013702,
                0.1183452308177948,
                0.11909791082143784,
                0.11790379881858826,
                0.11069223284721375
            ],
            "score_test": [
                0.1736868917942047,
                0.1424214094877243,
                0.14300106465816498,
                0.13871267437934875,
                0.14507395029067993
            ],
            "t_fit": [
                1.9907184466719627,
                1.2434924878180027,
                1.125662487000227,
                1.5825259163975716,
                1.43406093865633
            ],
            "t_inference": [
                0.7194805182516575,
                0.4787091538310051,
                0.4594905562698841,
                0.6577844135463238,
                0.5332897044718266
            ],
            "hyperparams": [
                {
                    "in_dim": 26,
                    "out_dim": 1,
                    "feature_type": "SWIM",
                    "upscale_type": "SWIM",
                    "randfeat_xt_dim": 512,
                    "randfeat_x0_dim": 512,
                    "sandwich_solver": "diag",
                    "activation": "tanh",
                    "use_batchnorm": false,
                    "add_features": false,
                    "n_layers": 10,
                    "l2_reg": 0.0034454266473096596,
                    "l2_ghat": 1.0484496923150286e-05,
                    "boost_lr": 0.6864693799729041,
                    "hidden_dim": 496,
                    "SWIM_scale": 1.9849036193721976
                },
                {
                    "in_dim": 26,
                    "out_dim": 1,
                    "feature_type": "SWIM",
                    "upscale_type": "SWIM",
                    "randfeat_xt_dim": 512,
                    "randfeat_x0_dim": 512,
                    "sandwich_solver": "diag",
                    "activation": "tanh",
                    "use_batchnorm": false,
                    "add_features": false,
                    "n_layers": 10,
                    "l2_reg": 0.0009544395297952549,
                    "l2_ghat": 1.066604166254795e-05,
                    "boost_lr": 0.7983993358565289,
                    "hidden_dim": 398,
                    "SWIM_scale": 1.706565704175522
                },
                {
                    "in_dim": 26,
                    "out_dim": 1,
                    "feature_type": "SWIM",
                    "upscale_type": "SWIM",
                    "randfeat_xt_dim": 512,
                    "randfeat_x0_dim": 512,
                    "sandwich_solver": "diag",
                    "activation": "tanh",
                    "use_batchnorm": false,
                    "add_features": false,
                    "n_layers": 8,
                    "l2_reg": 0.0006207829752036216,
                    "l2_ghat": 1.0227184232026021e-05,
                    "boost_lr": 0.9463693992896026,
                    "hidden_dim": 408,
                    "SWIM_scale": 1.725497313663322
                },
                {
                    "in_dim": 26,
                    "out_dim": 1,
                    "feature_type": "SWIM",
                    "upscale_type": "SWIM",
                    "randfeat_xt_dim": 512,
                    "randfeat_x0_dim": 512,
                    "sandwich_solver": "diag",
                    "activation": "tanh",
                    "use_batchnorm": false,
                    "add_features": false,
                    "n_layers": 10,
                    "l2_reg": 0.00032338416612983007,
                    "l2_ghat": 2.503600048874524e-05,
                    "boost_lr": 0.9937899871384561,
                    "hidden_dim": 411,
                    "SWIM_scale": 1.5459309771906353
                },
                {
                    "in_dim": 26,
                    "out_dim": 1,
                    "feature_type": "SWIM",
                    "upscale_type": "SWIM",
                    "randfeat_xt_dim": 512,
                    "randfeat_x0_dim": 512,
                    "sandwich_solver": "diag",
                    "activation": "tanh",
                    "use_batchnorm": false,
                    "add_features": false,
                    "n_layers": 9,
                    "l2_reg": 0.00013101910657268263,
                    "l2_ghat": 1.3697231200950755e-05,
                    "boost_lr": 0.8846177387863366,
                    "hidden_dim": 420,
                    "SWIM_scale": 1.5561826932569587
                }
            ]
        }
    }
}