{
    "44964": {
        "End2End_cpu": {
            "score_train": [
                0.2271360456943512,
                0.23121891915798187,
                0.24068531394004822,
                0.2474755048751831,
                0.2257627695798874
            ],
            "score_test": [
                0.3604612648487091,
                0.3713041841983795,
                0.3723347783088684,
                0.3743242919445038,
                0.3687988817691803
            ],
            "t_fit": [
                49.646302193403244,
                48.79335579276085,
                53.696904957294464,
                25.144544333219528,
                37.42789052426815
            ],
            "t_inference": [
                0.37097352743148804,
                0.3011045306921005,
                0.3028580993413925,
                0.11733448505401611,
                0.19361819326877594
            ],
            "hyperparams": [
                {
                    "in_dim": 81,
                    "out_dim": 1,
                    "loss": "mse",
                    "bottleneck_dim": 512,
                    "n_blocks": 6,
                    "hidden_dim": 234,
                    "lr": 0.0004278605891911599,
                    "end_lr_factor": 0.012919681779389056,
                    "n_epochs": 41,
                    "weight_decay": 0.0009816222242683837,
                    "batch_size": 128
                },
                {
                    "in_dim": 81,
                    "out_dim": 1,
                    "loss": "mse",
                    "bottleneck_dim": 512,
                    "n_blocks": 8,
                    "hidden_dim": 78,
                    "lr": 0.0012812333313139712,
                    "end_lr_factor": 0.0385285249027376,
                    "n_epochs": 50,
                    "weight_decay": 0.000990330908171358,
                    "batch_size": 128
                },
                {
                    "in_dim": 81,
                    "out_dim": 1,
                    "loss": "mse",
                    "bottleneck_dim": 512,
                    "n_blocks": 8,
                    "hidden_dim": 94,
                    "lr": 0.0010069669638652638,
                    "end_lr_factor": 0.032808776081411486,
                    "n_epochs": 47,
                    "weight_decay": 0.0004027233396626668,
                    "batch_size": 128
                },
                {
                    "in_dim": 81,
                    "out_dim": 1,
                    "loss": "mse",
                    "bottleneck_dim": 512,
                    "n_blocks": 5,
                    "hidden_dim": 76,
                    "lr": 0.001841494119869079,
                    "end_lr_factor": 0.031251367131848264,
                    "n_epochs": 48,
                    "weight_decay": 0.0004460360219766644,
                    "batch_size": 128
                },
                {
                    "in_dim": 81,
                    "out_dim": 1,
                    "loss": "mse",
                    "bottleneck_dim": 512,
                    "n_blocks": 7,
                    "hidden_dim": 101,
                    "lr": 0.0009337719032416812,
                    "end_lr_factor": 0.019278460474112174,
                    "n_epochs": 48,
                    "weight_decay": 0.0006489537730532759,
                    "batch_size": 128
                }
            ]
        }
    }
}