{
    "44980": {
        "End2End_cpu": {
            "score_train": [
                0.20481887459754944,
                0.17735682427883148,
                0.17344731092453003,
                0.15889963507652283,
                0.16222234070301056
            ],
            "score_test": [
                0.2996206283569336,
                0.2773362100124359,
                0.28925707936286926,
                0.2848747670650482,
                0.30771002173423767
            ],
            "t_fit": [
                37.00142626836896,
                12.22644205018878,
                47.65555049479008,
                9.166998609900475,
                62.51750237867236
            ],
            "t_inference": [
                0.1880260519683361,
                0.06132803112268448,
                0.2813407927751541,
                0.040413662791252136,
                0.28647226467728615
            ],
            "hyperparams": [
                {
                    "in_dim": 8,
                    "out_dim": 1,
                    "loss": "mse",
                    "bottleneck_dim": 512,
                    "n_blocks": 7,
                    "hidden_dim": 39,
                    "lr": 0.009901020556467367,
                    "end_lr_factor": 0.10087801417252747,
                    "n_epochs": 44,
                    "weight_decay": 0.0008177775685183433,
                    "batch_size": 128
                },
                {
                    "in_dim": 8,
                    "out_dim": 1,
                    "loss": "mse",
                    "bottleneck_dim": 512,
                    "n_blocks": 2,
                    "hidden_dim": 84,
                    "lr": 0.009091168304843234,
                    "end_lr_factor": 0.03597003188440058,
                    "n_epochs": 45,
                    "weight_decay": 1.062402217521268e-05,
                    "batch_size": 128
                },
                {
                    "in_dim": 8,
                    "out_dim": 1,
                    "loss": "mse",
                    "bottleneck_dim": 512,
                    "n_blocks": 7,
                    "hidden_dim": 129,
                    "lr": 0.009872160610289293,
                    "end_lr_factor": 0.029377169726267343,
                    "n_epochs": 47,
                    "weight_decay": 1.0026245457521262e-05,
                    "batch_size": 128
                },
                {
                    "in_dim": 8,
                    "out_dim": 1,
                    "loss": "mse",
                    "bottleneck_dim": 512,
                    "n_blocks": 2,
                    "hidden_dim": 72,
                    "lr": 0.005477666258985837,
                    "end_lr_factor": 0.04990774348909327,
                    "n_epochs": 47,
                    "weight_decay": 4.998637756919907e-05,
                    "batch_size": 128
                },
                {
                    "in_dim": 8,
                    "out_dim": 1,
                    "loss": "mse",
                    "bottleneck_dim": 512,
                    "n_blocks": 9,
                    "hidden_dim": 82,
                    "lr": 0.007117073545914746,
                    "end_lr_factor": 0.016685074910386295,
                    "n_epochs": 49,
                    "weight_decay": 8.582159477232312e-06,
                    "batch_size": 128
                }
            ]
        }
    }
}