{
    "44979": {
        "End2End_cpu": {
            "score_train": [
                0.10851352661848068,
                0.11414732784032822,
                0.11090721189975739,
                0.12353366613388062,
                0.1091049313545227
            ],
            "score_test": [
                0.16321392357349396,
                0.1408279836177826,
                0.1486419290304184,
                0.13880741596221924,
                0.1319061815738678
            ],
            "t_fit": [
                56.440578922629356,
                24.451988980174065,
                54.58656636625528,
                14.09363254904747,
                24.72198573499918
            ],
            "t_inference": [
                0.3422970175743103,
                0.1445409283041954,
                0.30434373021125793,
                0.08840656280517578,
                0.11443973332643509
            ],
            "hyperparams": [
                {
                    "in_dim": 26,
                    "out_dim": 1,
                    "loss": "mse",
                    "bottleneck_dim": 512,
                    "n_blocks": 10,
                    "hidden_dim": 62,
                    "lr": 0.09958131925102147,
                    "end_lr_factor": 0.01929196060551591,
                    "n_epochs": 45,
                    "weight_decay": 0.0003379326262580537,
                    "batch_size": 128
                },
                {
                    "in_dim": 26,
                    "out_dim": 1,
                    "loss": "mse",
                    "bottleneck_dim": 512,
                    "n_blocks": 4,
                    "hidden_dim": 66,
                    "lr": 0.055887636866928714,
                    "end_lr_factor": 0.01565951273069775,
                    "n_epochs": 42,
                    "weight_decay": 0.0004465562265628212,
                    "batch_size": 128
                },
                {
                    "in_dim": 26,
                    "out_dim": 1,
                    "loss": "mse",
                    "bottleneck_dim": 512,
                    "n_blocks": 9,
                    "hidden_dim": 59,
                    "lr": 0.05767991118357045,
                    "end_lr_factor": 0.015008953944915584,
                    "n_epochs": 50,
                    "weight_decay": 0.0009842652364582133,
                    "batch_size": 128
                },
                {
                    "in_dim": 26,
                    "out_dim": 1,
                    "loss": "mse",
                    "bottleneck_dim": 512,
                    "n_blocks": 4,
                    "hidden_dim": 24,
                    "lr": 0.07627648387087019,
                    "end_lr_factor": 0.029788298855229788,
                    "n_epochs": 35,
                    "weight_decay": 0.0003043009198146969,
                    "batch_size": 128
                },
                {
                    "in_dim": 26,
                    "out_dim": 1,
                    "loss": "mse",
                    "bottleneck_dim": 512,
                    "n_blocks": 5,
                    "hidden_dim": 56,
                    "lr": 0.044559866927212,
                    "end_lr_factor": 0.015379914962065531,
                    "n_epochs": 41,
                    "weight_decay": 0.0003130803353599392,
                    "batch_size": 128
                }
            ]
        }
    }
}