{
    "44971": {
        "GreedyRFRBoostDense_ID_batchnormFalse": {
            "score_train": [
                0.724991500377655,
                0.7414705157279968,
                0.6804202198982239,
                0.6895079016685486,
                0.7340278625488281
            ],
            "score_test": [
                0.7705517411231995,
                0.7883315086364746,
                0.8090909719467163,
                0.770426332950592,
                0.759428083896637
            ],
            "t_fit": [
                5.06622663885355,
                0.6353415101766586,
                1.990086354315281,
                1.605797566473484,
                2.3125459402799606
            ],
            "t_inference": [
                0.34437166154384613,
                0.058962494134902954,
                0.1950433924794197,
                0.14947616308927536,
                0.20939744263887405
            ],
            "hyperparams": [
                {
                    "in_dim": 11,
                    "out_dim": 1,
                    "feature_type": "SWIM",
                    "upscale_type": "identity",
                    "randfeat_xt_dim": 512,
                    "randfeat_x0_dim": 512,
                    "sandwich_solver": "dense",
                    "activation": "tanh",
                    "use_batchnorm": false,
                    "add_features": false,
                    "n_layers": 7,
                    "l2_reg": 0.2553331425442015,
                    "l2_ghat": 0.0016746202474293432,
                    "boost_lr": 0.18759273535298876,
                    "hidden_dim": 11,
                    "SWIM_scale": 0.9995028372028563
                },
                {
                    "in_dim": 11,
                    "out_dim": 1,
                    "feature_type": "SWIM",
                    "upscale_type": "identity",
                    "randfeat_xt_dim": 512,
                    "randfeat_x0_dim": 512,
                    "sandwich_solver": "dense",
                    "activation": "tanh",
                    "use_batchnorm": false,
                    "add_features": false,
                    "n_layers": 2,
                    "l2_reg": 0.7433679972938666,
                    "l2_ghat": 0.00010679967652369945,
                    "boost_lr": 0.549652560033523,
                    "hidden_dim": 11,
                    "SWIM_scale": 0.6736480107527021
                },
                {
                    "in_dim": 11,
                    "out_dim": 1,
                    "feature_type": "SWIM",
                    "upscale_type": "identity",
                    "randfeat_xt_dim": 512,
                    "randfeat_x0_dim": 512,
                    "sandwich_solver": "dense",
                    "activation": "tanh",
                    "use_batchnorm": false,
                    "add_features": false,
                    "n_layers": 6,
                    "l2_reg": 0.3478535634744691,
                    "l2_ghat": 0.0016688664601109155,
                    "boost_lr": 0.19254517043159955,
                    "hidden_dim": 11,
                    "SWIM_scale": 1.5457520352105683
                },
                {
                    "in_dim": 11,
                    "out_dim": 1,
                    "feature_type": "SWIM",
                    "upscale_type": "identity",
                    "randfeat_xt_dim": 512,
                    "randfeat_x0_dim": 512,
                    "sandwich_solver": "dense",
                    "activation": "tanh",
                    "use_batchnorm": false,
                    "add_features": false,
                    "n_layers": 5,
                    "l2_reg": 1.3255246517406372,
                    "l2_ghat": 3.5701211119961305e-05,
                    "boost_lr": 0.3328215766831114,
                    "hidden_dim": 11,
                    "SWIM_scale": 0.8336566370592517
                },
                {
                    "in_dim": 11,
                    "out_dim": 1,
                    "feature_type": "SWIM",
                    "upscale_type": "identity",
                    "randfeat_xt_dim": 512,
                    "randfeat_x0_dim": 512,
                    "sandwich_solver": "dense",
                    "activation": "tanh",
                    "use_batchnorm": false,
                    "add_features": false,
                    "n_layers": 4,
                    "l2_reg": 0.059591454704186156,
                    "l2_ghat": 0.0001805252040609154,
                    "boost_lr": 0.2776904435329621,
                    "hidden_dim": 11,
                    "SWIM_scale": 0.584585684922019
                }
            ]
        }
    }
}