{
    "44977": {
        "End2End_cpu": {
            "score_train": [
                0.40652498602867126,
                0.4281823933124542,
                0.3957596719264984,
                0.431516170501709,
                0.3922254145145416
            ],
            "score_test": [
                0.5107520818710327,
                0.46569761633872986,
                0.5260312557220459,
                0.47353383898735046,
                0.512132465839386
            ],
            "t_fit": [
                15.897409331053495,
                20.591521851718426,
                17.682023480534554,
                10.340678829699755,
                45.0231236256659
            ],
            "t_inference": [
                0.182919729501009,
                0.18974866345524788,
                0.08058731630444527,
                0.0395982526242733,
                0.28410034999251366
            ],
            "hyperparams": [
                {
                    "in_dim": 8,
                    "out_dim": 1,
                    "loss": "mse",
                    "bottleneck_dim": 512,
                    "n_blocks": 2,
                    "hidden_dim": 179,
                    "lr": 0.0021164731463218928,
                    "end_lr_factor": 0.019491568581618077,
                    "n_epochs": 30,
                    "weight_decay": 2.7690208087495722e-06,
                    "batch_size": 256
                },
                {
                    "in_dim": 8,
                    "out_dim": 1,
                    "loss": "mse",
                    "bottleneck_dim": 512,
                    "n_blocks": 3,
                    "hidden_dim": 117,
                    "lr": 0.00539731114644786,
                    "end_lr_factor": 0.032290863281980324,
                    "n_epochs": 27,
                    "weight_decay": 1.378190929654958e-06,
                    "batch_size": 128
                },
                {
                    "in_dim": 8,
                    "out_dim": 1,
                    "loss": "mse",
                    "bottleneck_dim": 512,
                    "n_blocks": 1,
                    "hidden_dim": 94,
                    "lr": 0.0038246136042012218,
                    "end_lr_factor": 0.2548379660676726,
                    "n_epochs": 47,
                    "weight_decay": 5.470913947472876e-06,
                    "batch_size": 128
                },
                {
                    "in_dim": 8,
                    "out_dim": 1,
                    "loss": "mse",
                    "bottleneck_dim": 512,
                    "n_blocks": 1,
                    "hidden_dim": 68,
                    "lr": 0.007404600862258955,
                    "end_lr_factor": 0.08745713045733802,
                    "n_epochs": 31,
                    "weight_decay": 0.00021268801368283044,
                    "batch_size": 128
                },
                {
                    "in_dim": 8,
                    "out_dim": 1,
                    "loss": "mse",
                    "bottleneck_dim": 512,
                    "n_blocks": 6,
                    "hidden_dim": 64,
                    "lr": 0.008734661921229396,
                    "end_lr_factor": 0.12053550061909651,
                    "n_epochs": 40,
                    "weight_decay": 0.00035402972752766974,
                    "batch_size": 128
                }
            ]
        }
    }
}