{
    "44990": {
        "GreedyRFRBoostDiag_batchnormFalse": {
            "score_train": [
                0.3711457848548889,
                0.37856578826904297,
                0.37094762921333313,
                0.3700673282146454,
                0.3718055784702301
            ],
            "score_test": [
                0.4057004749774933,
                0.38085687160491943,
                0.3959912061691284,
                0.4001167416572571,
                0.3958967924118042
            ],
            "t_fit": [
                2.5483711808919907,
                3.616191118955612,
                3.960390828549862,
                0.4968932494521141,
                2.351160392165184
            ],
            "t_inference": [
                0.8823700994253159,
                1.4124486967921257,
                1.5876799523830414,
                0.20203735679388046,
                0.892263650894165
            ],
            "hyperparams": [
                {
                    "in_dim": 49,
                    "out_dim": 1,
                    "feature_type": "SWIM",
                    "upscale_type": "SWIM",
                    "randfeat_xt_dim": 512,
                    "randfeat_x0_dim": 512,
                    "sandwich_solver": "diag",
                    "activation": "tanh",
                    "use_batchnorm": false,
                    "add_features": false,
                    "n_layers": 4,
                    "l2_reg": 0.002263170912078996,
                    "l2_ghat": 0.0011809238750364432,
                    "boost_lr": 0.9878345853835028,
                    "hidden_dim": 499,
                    "SWIM_scale": 1.6951040188813207
                },
                {
                    "in_dim": 49,
                    "out_dim": 1,
                    "feature_type": "SWIM",
                    "upscale_type": "SWIM",
                    "randfeat_xt_dim": 512,
                    "randfeat_x0_dim": 512,
                    "sandwich_solver": "diag",
                    "activation": "tanh",
                    "use_batchnorm": false,
                    "add_features": false,
                    "n_layers": 9,
                    "l2_reg": 0.0015000231861864795,
                    "l2_ghat": 0.0049239407280094365,
                    "boost_lr": 0.7968409764357715,
                    "hidden_dim": 323,
                    "SWIM_scale": 1.5286596666110235
                },
                {
                    "in_dim": 49,
                    "out_dim": 1,
                    "feature_type": "SWIM",
                    "upscale_type": "SWIM",
                    "randfeat_xt_dim": 512,
                    "randfeat_x0_dim": 512,
                    "sandwich_solver": "diag",
                    "activation": "tanh",
                    "use_batchnorm": false,
                    "add_features": false,
                    "n_layers": 8,
                    "l2_reg": 0.00010642271038523883,
                    "l2_ghat": 0.0020994439013585766,
                    "boost_lr": 0.3283616615288638,
                    "hidden_dim": 403,
                    "SWIM_scale": 0.7546469047802259
                },
                {
                    "in_dim": 49,
                    "out_dim": 1,
                    "feature_type": "SWIM",
                    "upscale_type": "SWIM",
                    "randfeat_xt_dim": 512,
                    "randfeat_x0_dim": 512,
                    "sandwich_solver": "diag",
                    "activation": "tanh",
                    "use_batchnorm": false,
                    "add_features": false,
                    "n_layers": 3,
                    "l2_reg": 1.714255604457918e-05,
                    "l2_ghat": 5.8605018518458094e-05,
                    "boost_lr": 0.8699171804783843,
                    "hidden_dim": 366,
                    "SWIM_scale": 0.37263391919876676
                },
                {
                    "in_dim": 49,
                    "out_dim": 1,
                    "feature_type": "SWIM",
                    "upscale_type": "SWIM",
                    "randfeat_xt_dim": 512,
                    "randfeat_x0_dim": 512,
                    "sandwich_solver": "diag",
                    "activation": "tanh",
                    "use_batchnorm": false,
                    "add_features": false,
                    "n_layers": 7,
                    "l2_reg": 0.0006035506464846074,
                    "l2_ghat": 8.143560115342163e-05,
                    "boost_lr": 0.518314358846916,
                    "hidden_dim": 326,
                    "SWIM_scale": 0.7962599888093809
                }
            ]
        }
    }
}