{
    "44990": {
        "GreedyRFRBoostScalar_batchnormFalse": {
            "score_train": [
                0.37907466292381287,
                0.3797469139099121,
                0.37441691756248474,
                0.37417829036712646,
                0.3740672469139099
            ],
            "score_test": [
                0.39372408390045166,
                0.37855127453804016,
                0.4046285152435303,
                0.3995944559574127,
                0.399850457906723
            ],
            "t_fit": [
                0.40396859496831894,
                1.5375163331627846,
                1.1945801377296448,
                1.8928637690842152,
                1.4182632975280285
            ],
            "t_inference": [
                0.19186096265912056,
                0.8077877722680569,
                0.7173293568193913,
                0.9919743202626705,
                0.5248459167778492
            ],
            "hyperparams": [
                {
                    "in_dim": 49,
                    "out_dim": 1,
                    "feature_type": "SWIM",
                    "upscale_type": "SWIM",
                    "randfeat_xt_dim": 512,
                    "randfeat_x0_dim": 512,
                    "sandwich_solver": "scalar",
                    "activation": "tanh",
                    "use_batchnorm": false,
                    "add_features": false,
                    "n_layers": 2,
                    "l2_reg": 5.273793396754062e-05,
                    "l2_ghat": 1.8765204223082141,
                    "boost_lr": 0.1618614646968996,
                    "hidden_dim": 470,
                    "SWIM_scale": 0.5751658997323386
                },
                {
                    "in_dim": 49,
                    "out_dim": 1,
                    "feature_type": "SWIM",
                    "upscale_type": "SWIM",
                    "randfeat_xt_dim": 512,
                    "randfeat_x0_dim": 512,
                    "sandwich_solver": "scalar",
                    "activation": "tanh",
                    "use_batchnorm": false,
                    "add_features": false,
                    "n_layers": 9,
                    "l2_reg": 0.0008117101490761269,
                    "l2_ghat": 1.7040265966400687,
                    "boost_lr": 0.7975732638313326,
                    "hidden_dim": 439,
                    "SWIM_scale": 1.3913396571865884
                },
                {
                    "in_dim": 49,
                    "out_dim": 1,
                    "feature_type": "SWIM",
                    "upscale_type": "SWIM",
                    "randfeat_xt_dim": 512,
                    "randfeat_x0_dim": 512,
                    "sandwich_solver": "scalar",
                    "activation": "tanh",
                    "use_batchnorm": false,
                    "add_features": false,
                    "n_layers": 4,
                    "l2_reg": 0.002263170912078996,
                    "l2_ghat": 4.8058615842587535,
                    "boost_lr": 0.9878345853835028,
                    "hidden_dim": 499,
                    "SWIM_scale": 1.6951040188813207
                },
                {
                    "in_dim": 49,
                    "out_dim": 1,
                    "feature_type": "SWIM",
                    "upscale_type": "SWIM",
                    "randfeat_xt_dim": 512,
                    "randfeat_x0_dim": 512,
                    "sandwich_solver": "scalar",
                    "activation": "tanh",
                    "use_batchnorm": false,
                    "add_features": false,
                    "n_layers": 9,
                    "l2_reg": 0.0013918351808725104,
                    "l2_ghat": 0.012269382475658605,
                    "boost_lr": 0.33456902002201194,
                    "hidden_dim": 412,
                    "SWIM_scale": 1.6614533346655378
                },
                {
                    "in_dim": 49,
                    "out_dim": 1,
                    "feature_type": "SWIM",
                    "upscale_type": "SWIM",
                    "randfeat_xt_dim": 512,
                    "randfeat_x0_dim": 512,
                    "sandwich_solver": "scalar",
                    "activation": "tanh",
                    "use_batchnorm": false,
                    "add_features": false,
                    "n_layers": 10,
                    "l2_reg": 0.0008172997002255876,
                    "l2_ghat": 0.007881747919135011,
                    "boost_lr": 0.7716733994188194,
                    "hidden_dim": 372,
                    "SWIM_scale": 1.439126593529312
                }
            ]
        }
    }
}