{
    "44983": {
        "End2End_cpu": {
            "score_train": [
                0.14291517436504364,
                0.08544766902923584,
                0.15660350024700165,
                0.14504900574684143,
                0.14242209494113922
            ],
            "score_test": [
                0.23247450590133667,
                0.2771011292934418,
                0.2581944465637207,
                0.23047299683094025,
                0.22277231514453888
            ],
            "t_fit": [
                22.125920094549656,
                24.345199573785067,
                71.91379480436444,
                10.889920894056559,
                16.657007433474064
            ],
            "t_inference": [
                0.15954351425170898,
                0.1368311308324337,
                0.4185940995812416,
                0.043696749955415726,
                0.06540951132774353
            ],
            "hyperparams": [
                {
                    "in_dim": 15,
                    "out_dim": 1,
                    "loss": "mse",
                    "bottleneck_dim": 512,
                    "n_blocks": 1,
                    "hidden_dim": 487,
                    "lr": 0.0010847968307967958,
                    "end_lr_factor": 0.0823598240222938,
                    "n_epochs": 46,
                    "weight_decay": 0.00010173015424933511,
                    "batch_size": 256
                },
                {
                    "in_dim": 15,
                    "out_dim": 1,
                    "loss": "mse",
                    "bottleneck_dim": 512,
                    "n_blocks": 3,
                    "hidden_dim": 105,
                    "lr": 0.001382891105488988,
                    "end_lr_factor": 0.02113363156515036,
                    "n_epochs": 48,
                    "weight_decay": 9.758736326522057e-05,
                    "batch_size": 128
                },
                {
                    "in_dim": 15,
                    "out_dim": 1,
                    "loss": "mse",
                    "bottleneck_dim": 512,
                    "n_blocks": 10,
                    "hidden_dim": 139,
                    "lr": 0.009712418193819811,
                    "end_lr_factor": 0.010411054835622392,
                    "n_epochs": 48,
                    "weight_decay": 0.0007937083413779175,
                    "batch_size": 128
                },
                {
                    "in_dim": 15,
                    "out_dim": 1,
                    "loss": "mse",
                    "bottleneck_dim": 512,
                    "n_blocks": 1,
                    "hidden_dim": 102,
                    "lr": 0.006194445969877916,
                    "end_lr_factor": 0.01401064300633386,
                    "n_epochs": 41,
                    "weight_decay": 8.377839863219274e-06,
                    "batch_size": 128
                },
                {
                    "in_dim": 15,
                    "out_dim": 1,
                    "loss": "mse",
                    "bottleneck_dim": 512,
                    "n_blocks": 1,
                    "hidden_dim": 178,
                    "lr": 0.004775832996566524,
                    "end_lr_factor": 0.026179022900011353,
                    "n_epochs": 44,
                    "weight_decay": 0.00047060171181455285,
                    "batch_size": 128
                }
            ]
        }
    }
}