{
    "44978": {
        "GradientRFRBoost_ID_batchnormFalse": {
            "score_train": [
                0.12927578389644623,
                0.13080894947052002,
                0.13225817680358887,
                0.1314522624015808,
                0.13416674733161926
            ],
            "score_test": [
                0.15023083984851837,
                0.14053499698638916,
                0.15935108065605164,
                0.14931632578372955,
                0.13891096413135529
            ],
            "t_fit": [
                2.6694311518222094,
                2.919681480154395,
                3.1092762015759945,
                1.5407394878566265,
                1.0454667080193758
            ],
            "t_inference": [
                0.48087933473289013,
                0.45034108869731426,
                0.5831896662712097,
                0.26342532597482204,
                0.18182388693094254
            ],
            "hyperparams": [
                {
                    "in_dim": 21,
                    "out_dim": 1,
                    "feature_type": "SWIM",
                    "upscale_type": "identity",
                    "randfeat_xt_dim": 512,
                    "randfeat_x0_dim": 512,
                    "activation": "tanh",
                    "use_batchnorm": false,
                    "add_features": false,
                    "n_layers": 10,
                    "l2_reg": 0.382941510314548,
                    "l2_ghat": 0.03646488270952265,
                    "boost_lr": 0.913551128797696,
                    "hidden_dim": 21,
                    "SWIM_scale": 1.0037388350763523
                },
                {
                    "in_dim": 21,
                    "out_dim": 1,
                    "feature_type": "SWIM",
                    "upscale_type": "identity",
                    "randfeat_xt_dim": 512,
                    "randfeat_x0_dim": 512,
                    "activation": "tanh",
                    "use_batchnorm": false,
                    "add_features": false,
                    "n_layers": 9,
                    "l2_reg": 0.0028291043156872973,
                    "l2_ghat": 4.583513336374928e-05,
                    "boost_lr": 0.5164086426328333,
                    "hidden_dim": 21,
                    "SWIM_scale": 0.2974782152479096
                },
                {
                    "in_dim": 21,
                    "out_dim": 1,
                    "feature_type": "SWIM",
                    "upscale_type": "identity",
                    "randfeat_xt_dim": 512,
                    "randfeat_x0_dim": 512,
                    "activation": "tanh",
                    "use_batchnorm": false,
                    "add_features": false,
                    "n_layers": 4,
                    "l2_reg": 0.007583960101764597,
                    "l2_ghat": 5.00430549954801e-05,
                    "boost_lr": 0.9750803954074981,
                    "hidden_dim": 21,
                    "SWIM_scale": 0.2843272808707371
                },
                {
                    "in_dim": 21,
                    "out_dim": 1,
                    "feature_type": "SWIM",
                    "upscale_type": "identity",
                    "randfeat_xt_dim": 512,
                    "randfeat_x0_dim": 512,
                    "activation": "tanh",
                    "use_batchnorm": false,
                    "add_features": false,
                    "n_layers": 6,
                    "l2_reg": 7.459064179115615e-05,
                    "l2_ghat": 1.5993681118174266e-05,
                    "boost_lr": 0.3715323965673353,
                    "hidden_dim": 21,
                    "SWIM_scale": 0.2850165593325058
                },
                {
                    "in_dim": 21,
                    "out_dim": 1,
                    "feature_type": "SWIM",
                    "upscale_type": "identity",
                    "randfeat_xt_dim": 512,
                    "randfeat_x0_dim": 512,
                    "activation": "tanh",
                    "use_batchnorm": false,
                    "add_features": false,
                    "n_layers": 5,
                    "l2_reg": 0.00010716654973199099,
                    "l2_ghat": 7.973381230094342e-05,
                    "boost_lr": 0.5944377799976164,
                    "hidden_dim": 21,
                    "SWIM_scale": 0.3531959380970582
                }
            ]
        }
    }
}