{
    "44981": {
        "RFNN": {
            "score_train": [
                0.8929914832115173,
                0.8989346623420715,
                0.9070000052452087,
                0.8901256322860718,
                0.9091733694076538
            ],
            "score_test": [
                0.9239006638526917,
                0.9287235140800476,
                0.8903129696846008,
                0.9285942912101746,
                0.8963364362716675
            ],
            "t_fit": [
                0.09792299568653107,
                0.029822256416082382,
                0.0609322227537632,
                0.09382597357034683,
                0.016085952520370483
            ],
            "t_inference": [
                0.027821935713291168,
                0.010023809969425201,
                0.019016653299331665,
                0.026056408882141113,
                0.004081998020410538
            ],
            "hyperparams": [
                {
                    "n_layers": 0,
                    "in_dim": 32,
                    "out_dim": 1,
                    "upscale_type": "SWIM",
                    "activation": "tanh",
                    "use_batchnorm": false,
                    "l2_reg": 0.003665617440683326,
                    "hidden_dim": 417,
                    "SWIM_scale": 1.215039278687683
                },
                {
                    "n_layers": 0,
                    "in_dim": 32,
                    "out_dim": 1,
                    "upscale_type": "SWIM",
                    "activation": "tanh",
                    "use_batchnorm": false,
                    "l2_reg": 0.009154576893617202,
                    "hidden_dim": 151,
                    "SWIM_scale": 1.546709651778925
                },
                {
                    "n_layers": 0,
                    "in_dim": 32,
                    "out_dim": 1,
                    "upscale_type": "SWIM",
                    "activation": "tanh",
                    "use_batchnorm": false,
                    "l2_reg": 0.002772125806813798,
                    "hidden_dim": 321,
                    "SWIM_scale": 1.0645233333523987
                },
                {
                    "n_layers": 0,
                    "in_dim": 32,
                    "out_dim": 1,
                    "upscale_type": "SWIM",
                    "activation": "tanh",
                    "use_batchnorm": false,
                    "l2_reg": 0.0008331943542281086,
                    "hidden_dim": 454,
                    "SWIM_scale": 0.933099643008418
                },
                {
                    "n_layers": 0,
                    "in_dim": 32,
                    "out_dim": 1,
                    "upscale_type": "SWIM",
                    "activation": "tanh",
                    "use_batchnorm": false,
                    "l2_reg": 0.00019955430303244978,
                    "hidden_dim": 65,
                    "SWIM_scale": 0.9662326468617158
                }
            ]
        }
    }
}