{
    "44975": {
        "GreedyRFRBoostScalar_batchnormFalse": {
            "score_train": [
                0.02725936844944954,
                0.02210370823740959,
                0.02800619788467884,
                0.02694813348352909,
                0.028239475563168526
            ],
            "score_test": [
                0.021931879222393036,
                0.042100537568330765,
                0.01984885148704052,
                0.024157168343663216,
                0.024678155779838562
            ],
            "t_fit": [
                0.1774069033563137,
                0.27829211205244064,
                0.4370819702744484,
                0.2541595511138439,
                0.445078581571579
            ],
            "t_inference": [
                0.0794934332370758,
                0.13599278405308723,
                0.22067034617066383,
                0.12375926971435547,
                0.20237191393971443
            ],
            "hyperparams": [
                {
                    "in_dim": 48,
                    "out_dim": 1,
                    "feature_type": "SWIM",
                    "upscale_type": "SWIM",
                    "randfeat_xt_dim": 512,
                    "randfeat_x0_dim": 512,
                    "sandwich_solver": "scalar",
                    "activation": "tanh",
                    "use_batchnorm": false,
                    "add_features": false,
                    "n_layers": 1,
                    "l2_reg": 1.3486470954861199e-05,
                    "l2_ghat": 9.779202266188381,
                    "boost_lr": 0.1841469604836212,
                    "hidden_dim": 508,
                    "SWIM_scale": 0.47543656364974896
                },
                {
                    "in_dim": 48,
                    "out_dim": 1,
                    "feature_type": "SWIM",
                    "upscale_type": "SWIM",
                    "randfeat_xt_dim": 512,
                    "randfeat_x0_dim": 512,
                    "sandwich_solver": "scalar",
                    "activation": "tanh",
                    "use_batchnorm": false,
                    "add_features": false,
                    "n_layers": 3,
                    "l2_reg": 1.4477459787115408e-05,
                    "l2_ghat": 4.391877976820912,
                    "boost_lr": 0.16085972523074257,
                    "hidden_dim": 365,
                    "SWIM_scale": 0.2518270063090387
                },
                {
                    "in_dim": 48,
                    "out_dim": 1,
                    "feature_type": "SWIM",
                    "upscale_type": "SWIM",
                    "randfeat_xt_dim": 512,
                    "randfeat_x0_dim": 512,
                    "sandwich_solver": "scalar",
                    "activation": "tanh",
                    "use_batchnorm": false,
                    "add_features": false,
                    "n_layers": 4,
                    "l2_reg": 1.0285376694486519e-05,
                    "l2_ghat": 0.8638104239623753,
                    "boost_lr": 0.13616115413558538,
                    "hidden_dim": 434,
                    "SWIM_scale": 0.36044569883268385
                },
                {
                    "in_dim": 48,
                    "out_dim": 1,
                    "feature_type": "SWIM",
                    "upscale_type": "SWIM",
                    "randfeat_xt_dim": 512,
                    "randfeat_x0_dim": 512,
                    "sandwich_solver": "scalar",
                    "activation": "tanh",
                    "use_batchnorm": false,
                    "add_features": false,
                    "n_layers": 2,
                    "l2_reg": 1.0087964307557853e-05,
                    "l2_ghat": 7.292839752212517,
                    "boost_lr": 0.23244324401275626,
                    "hidden_dim": 464,
                    "SWIM_scale": 0.40840638946886826
                },
                {
                    "in_dim": 48,
                    "out_dim": 1,
                    "feature_type": "SWIM",
                    "upscale_type": "SWIM",
                    "randfeat_xt_dim": 512,
                    "randfeat_x0_dim": 512,
                    "sandwich_solver": "scalar",
                    "activation": "tanh",
                    "use_batchnorm": false,
                    "add_features": false,
                    "n_layers": 9,
                    "l2_reg": 1.401777797952199e-05,
                    "l2_ghat": 6.769542285191742,
                    "boost_lr": 0.17089948136463212,
                    "hidden_dim": 229,
                    "SWIM_scale": 0.2870605985715201
                }
            ]
        }
    }
}