{
    "44959": {
        "GradientRFRBoost_ID_batchnormFalse": {
            "score_train": [
                0.18253926932811737,
                0.19134540855884552,
                0.23452067375183105,
                0.201667919754982,
                0.194218710064888
            ],
            "score_test": [
                0.3043696880340576,
                0.30342793464660645,
                0.2923409342765808,
                0.28592056035995483,
                0.2509901225566864
            ],
            "t_fit": [
                0.5137144923210144,
                0.5238335803151131,
                0.360963623970747,
                0.6355644054710865,
                0.4444286674261093
            ],
            "t_inference": [
                0.03670215606689453,
                0.03736429661512375,
                0.025438152253627777,
                0.04527312144637108,
                0.0317826122045517
            ],
            "hyperparams": [
                {
                    "in_dim": 8,
                    "out_dim": 1,
                    "feature_type": "SWIM",
                    "upscale_type": "identity",
                    "randfeat_xt_dim": 512,
                    "randfeat_x0_dim": 512,
                    "activation": "tanh",
                    "use_batchnorm": false,
                    "n_layers": 6,
                    "l2_reg": 0.09856436658017678,
                    "l2_ghat": 0.001545547894762683,
                    "boost_lr": 0.9307875344702087,
                    "hidden_dim": 8,
                    "SWIM_scale": 0.6870027476836841
                },
                {
                    "in_dim": 8,
                    "out_dim": 1,
                    "feature_type": "SWIM",
                    "upscale_type": "identity",
                    "randfeat_xt_dim": 512,
                    "randfeat_x0_dim": 512,
                    "activation": "tanh",
                    "use_batchnorm": false,
                    "n_layers": 6,
                    "l2_reg": 0.010782620979265778,
                    "l2_ghat": 0.0024633684947596027,
                    "boost_lr": 0.4383239592000158,
                    "hidden_dim": 8,
                    "SWIM_scale": 0.8981237298091558
                },
                {
                    "in_dim": 8,
                    "out_dim": 1,
                    "feature_type": "SWIM",
                    "upscale_type": "identity",
                    "randfeat_xt_dim": 512,
                    "randfeat_x0_dim": 512,
                    "activation": "tanh",
                    "use_batchnorm": false,
                    "n_layers": 4,
                    "l2_reg": 0.0766553551138703,
                    "l2_ghat": 0.045243869105404524,
                    "boost_lr": 0.6874619953892694,
                    "hidden_dim": 8,
                    "SWIM_scale": 1.171394896513064
                },
                {
                    "in_dim": 8,
                    "out_dim": 1,
                    "feature_type": "SWIM",
                    "upscale_type": "identity",
                    "randfeat_xt_dim": 512,
                    "randfeat_x0_dim": 512,
                    "activation": "tanh",
                    "use_batchnorm": false,
                    "n_layers": 7,
                    "l2_reg": 0.0023464283704219425,
                    "l2_ghat": 0.00048278723892959414,
                    "boost_lr": 0.46353160625281353,
                    "hidden_dim": 8,
                    "SWIM_scale": 0.5222486355934216
                },
                {
                    "in_dim": 8,
                    "out_dim": 1,
                    "feature_type": "SWIM",
                    "upscale_type": "identity",
                    "randfeat_xt_dim": 512,
                    "randfeat_x0_dim": 512,
                    "activation": "tanh",
                    "use_batchnorm": false,
                    "n_layers": 5,
                    "l2_reg": 0.0016876477520991811,
                    "l2_ghat": 0.001962501677636054,
                    "boost_lr": 0.318402676096059,
                    "hidden_dim": 8,
                    "SWIM_scale": 1.0761493323536886
                }
            ]
        }
    }
}