{
    "44973": {
        "GradientRFRBoost_ID_batchnormFalse": {
            "score_train": [
                0.14452657103538513,
                0.1594051867723465,
                0.1580851674079895,
                0.15355466306209564,
                0.14896930754184723
            ],
            "score_test": [
                0.19652706384658813,
                0.18769928812980652,
                0.19538630545139313,
                0.192052960395813,
                0.19853629171848297
            ],
            "t_fit": [
                1.9180372953414917,
                2.8504879847168922,
                1.9085464254021645,
                1.590252548456192,
                1.5512573793530464
            ],
            "t_inference": [
                0.3847896009683609,
                0.4621132090687752,
                0.3207160234451294,
                0.24723497033119202,
                0.25468771904706955
            ],
            "hyperparams": [
                {
                    "in_dim": 12,
                    "out_dim": 1,
                    "feature_type": "SWIM",
                    "upscale_type": "identity",
                    "randfeat_xt_dim": 512,
                    "randfeat_x0_dim": 512,
                    "activation": "tanh",
                    "use_batchnorm": false,
                    "add_features": false,
                    "n_layers": 10,
                    "l2_reg": 0.10698236790663804,
                    "l2_ghat": 2.9251711386804802e-05,
                    "boost_lr": 0.7360285584950388,
                    "hidden_dim": 12,
                    "SWIM_scale": 0.662844660358378
                },
                {
                    "in_dim": 12,
                    "out_dim": 1,
                    "feature_type": "SWIM",
                    "upscale_type": "identity",
                    "randfeat_xt_dim": 512,
                    "randfeat_x0_dim": 512,
                    "activation": "tanh",
                    "use_batchnorm": false,
                    "add_features": false,
                    "n_layers": 10,
                    "l2_reg": 2.86090960189189,
                    "l2_ghat": 1.3357128715129586e-05,
                    "boost_lr": 0.9065624627099443,
                    "hidden_dim": 12,
                    "SWIM_scale": 0.4675727321937962
                },
                {
                    "in_dim": 12,
                    "out_dim": 1,
                    "feature_type": "SWIM",
                    "upscale_type": "identity",
                    "randfeat_xt_dim": 512,
                    "randfeat_x0_dim": 512,
                    "activation": "tanh",
                    "use_batchnorm": false,
                    "add_features": false,
                    "n_layers": 10,
                    "l2_reg": 0.5101528709235112,
                    "l2_ghat": 1.1845012047048317e-05,
                    "boost_lr": 0.777305757344418,
                    "hidden_dim": 12,
                    "SWIM_scale": 0.4860828868184872
                },
                {
                    "in_dim": 12,
                    "out_dim": 1,
                    "feature_type": "SWIM",
                    "upscale_type": "identity",
                    "randfeat_xt_dim": 512,
                    "randfeat_x0_dim": 512,
                    "activation": "tanh",
                    "use_batchnorm": false,
                    "add_features": false,
                    "n_layers": 8,
                    "l2_reg": 0.3732883565905846,
                    "l2_ghat": 1.8144709442427925e-05,
                    "boost_lr": 0.9634614796055196,
                    "hidden_dim": 12,
                    "SWIM_scale": 0.5655536357706055
                },
                {
                    "in_dim": 12,
                    "out_dim": 1,
                    "feature_type": "SWIM",
                    "upscale_type": "identity",
                    "randfeat_xt_dim": 512,
                    "randfeat_x0_dim": 512,
                    "activation": "tanh",
                    "use_batchnorm": false,
                    "add_features": false,
                    "n_layers": 7,
                    "l2_reg": 0.00022539085591219361,
                    "l2_ghat": 0.00010077763192420334,
                    "boost_lr": 0.9882986432999198,
                    "hidden_dim": 12,
                    "SWIM_scale": 0.7030254640749258
                }
            ]
        }
    }
}