{
    "44972": {
        "End2End_cpu": {
            "score_train": [
                0.5050700306892395,
                0.41823095083236694,
                0.41803833842277527,
                0.6256225109100342,
                0.5580514669418335
            ],
            "score_test": [
                0.7608970999717712,
                0.7991198897361755,
                0.7569916844367981,
                0.7911948561668396,
                0.7926783561706543
            ],
            "t_fit": [
                44.62814511358738,
                30.67333546280861,
                19.828657314181328,
                19.081245124340057,
                3.242811694741249
            ],
            "t_inference": [
                0.1666758507490158,
                0.08818265795707703,
                0.055144548416137695,
                0.07872624695301056,
                0.03522391617298126
            ],
            "hyperparams": [
                {
                    "in_dim": 11,
                    "out_dim": 1,
                    "loss": "mse",
                    "bottleneck_dim": 512,
                    "n_blocks": 8,
                    "hidden_dim": 273,
                    "lr": 0.0008659717786574132,
                    "end_lr_factor": 0.08675161903113178,
                    "n_epochs": 13,
                    "weight_decay": 1.6181374946914286e-06,
                    "batch_size": 128
                },
                {
                    "in_dim": 11,
                    "out_dim": 1,
                    "loss": "mse",
                    "bottleneck_dim": 512,
                    "n_blocks": 3,
                    "hidden_dim": 399,
                    "lr": 0.0005676240037717077,
                    "end_lr_factor": 0.09660905187379211,
                    "n_epochs": 33,
                    "weight_decay": 3.3719898339761177e-06,
                    "batch_size": 384
                },
                {
                    "in_dim": 11,
                    "out_dim": 1,
                    "loss": "mse",
                    "bottleneck_dim": 512,
                    "n_blocks": 2,
                    "hidden_dim": 461,
                    "lr": 0.0007510418138777543,
                    "end_lr_factor": 0.7568292060167615,
                    "n_epochs": 42,
                    "weight_decay": 6.218704727769077e-05,
                    "batch_size": 512
                },
                {
                    "in_dim": 11,
                    "out_dim": 1,
                    "loss": "mse",
                    "bottleneck_dim": 512,
                    "n_blocks": 4,
                    "hidden_dim": 235,
                    "lr": 0.0021113082439333454,
                    "end_lr_factor": 0.03627149666814939,
                    "n_epochs": 32,
                    "weight_decay": 6.079256981295886e-06,
                    "batch_size": 384
                },
                {
                    "in_dim": 11,
                    "out_dim": 1,
                    "loss": "mse",
                    "bottleneck_dim": 512,
                    "n_blocks": 3,
                    "hidden_dim": 70,
                    "lr": 0.0018568721633563086,
                    "end_lr_factor": 0.11558291756418608,
                    "n_epochs": 11,
                    "weight_decay": 8.646844369009951e-06,
                    "batch_size": 128
                }
            ]
        }
    }
}