{
    "44973": {
        "GreedyRFRBoostDense_ID_batchnormFalse": {
            "score_train": [
                0.15532763302326202,
                0.16162417829036713,
                0.1512310653924942,
                0.14794416725635529,
                0.14981059730052948
            ],
            "score_test": [
                0.20166395604610443,
                0.1837053745985031,
                0.19748049974441528,
                0.19217795133590698,
                0.1915474832057953
            ],
            "t_fit": [
                4.367681473493576,
                2.5662555135786533,
                4.101060904562473,
                3.7294976785779,
                4.800800167024136
            ],
            "t_inference": [
                0.40022313222289085,
                0.23957622423768044,
                0.36712856218218803,
                0.3315516598522663,
                0.41985514014959335
            ],
            "hyperparams": [
                {
                    "in_dim": 12,
                    "out_dim": 1,
                    "feature_type": "SWIM",
                    "upscale_type": "identity",
                    "randfeat_xt_dim": 512,
                    "randfeat_x0_dim": 512,
                    "sandwich_solver": "dense",
                    "activation": "tanh",
                    "use_batchnorm": false,
                    "n_layers": 10,
                    "l2_reg": 0.0046128751288339155,
                    "l2_ghat": 2.0322590414971646e-05,
                    "boost_lr": 0.4360793460382992,
                    "hidden_dim": 12,
                    "SWIM_scale": 0.6583934346527807
                },
                {
                    "in_dim": 12,
                    "out_dim": 1,
                    "feature_type": "SWIM",
                    "upscale_type": "identity",
                    "randfeat_xt_dim": 512,
                    "randfeat_x0_dim": 512,
                    "sandwich_solver": "dense",
                    "activation": "tanh",
                    "use_batchnorm": false,
                    "n_layers": 6,
                    "l2_reg": 0.015532394343469647,
                    "l2_ghat": 1.0003690075408214e-05,
                    "boost_lr": 0.8889261785242909,
                    "hidden_dim": 12,
                    "SWIM_scale": 0.5384654958741648
                },
                {
                    "in_dim": 12,
                    "out_dim": 1,
                    "feature_type": "SWIM",
                    "upscale_type": "identity",
                    "randfeat_xt_dim": 512,
                    "randfeat_x0_dim": 512,
                    "sandwich_solver": "dense",
                    "activation": "tanh",
                    "use_batchnorm": false,
                    "n_layers": 9,
                    "l2_reg": 0.08751294584296987,
                    "l2_ghat": 1.0188907102680272e-05,
                    "boost_lr": 0.9043363178132665,
                    "hidden_dim": 12,
                    "SWIM_scale": 0.6022771486865235
                },
                {
                    "in_dim": 12,
                    "out_dim": 1,
                    "feature_type": "SWIM",
                    "upscale_type": "identity",
                    "randfeat_xt_dim": 512,
                    "randfeat_x0_dim": 512,
                    "sandwich_solver": "dense",
                    "activation": "tanh",
                    "use_batchnorm": false,
                    "n_layers": 8,
                    "l2_reg": 0.01804631299765841,
                    "l2_ghat": 1.3844327966914863e-05,
                    "boost_lr": 0.9440612630975025,
                    "hidden_dim": 12,
                    "SWIM_scale": 0.6287106855759572
                },
                {
                    "in_dim": 12,
                    "out_dim": 1,
                    "feature_type": "SWIM",
                    "upscale_type": "identity",
                    "randfeat_xt_dim": 512,
                    "randfeat_x0_dim": 512,
                    "sandwich_solver": "dense",
                    "activation": "tanh",
                    "use_batchnorm": false,
                    "n_layers": 10,
                    "l2_reg": 0.4034052701778051,
                    "l2_ghat": 1.1997072580708822e-05,
                    "boost_lr": 0.9803080491695005,
                    "hidden_dim": 12,
                    "SWIM_scale": 0.6949426551521177
                }
            ]
        }
    }
}