{
    "4538": {
        "RFRBoost_ID_batchnormFalse": {
            "score_train": [
                -0.746749997138977,
                -0.7137500047683716,
                -0.8142499923706055,
                -0.6869999766349792,
                -0.6957499980926514
            ],
            "score_test": [
                -0.5669999718666077,
                -0.5699999928474426,
                -0.5649999976158142,
                -0.5450000166893005,
                -0.5239999890327454
            ],
            "t_fit": [
                6.44314250908792,
                3.7708009388297796,
                5.718804594129324,
                1.199014350771904,
                5.887335432693362
            ],
            "t_inference": [
                0.6905384231358767,
                0.5361053179949522,
                0.7802721410989761,
                0.13781404495239258,
                0.6772697437554598
            ],
            "hyperparams": [
                {
                    "in_dim": 32,
                    "n_classes": 5,
                    "feature_type": "SWIM",
                    "upscale_type": "identity",
                    "randfeat_xt_dim": 512,
                    "randfeat_x0_dim": 512,
                    "activation": "tanh",
                    "use_batchnorm": false,
                    "do_linesearch": true,
                    "add_features": false,
                    "n_layers": 9,
                    "hidden_dim": 32,
                    "l2_cls": 0.0008839536725960294,
                    "l2_ghat": 0.02051296009094239,
                    "boost_lr": 0.15945356629459198,
                    "SWIM_scale": 0.7478790159305443
                },
                {
                    "in_dim": 32,
                    "n_classes": 5,
                    "feature_type": "SWIM",
                    "upscale_type": "identity",
                    "randfeat_xt_dim": 512,
                    "randfeat_x0_dim": 512,
                    "activation": "tanh",
                    "use_batchnorm": false,
                    "do_linesearch": true,
                    "add_features": false,
                    "n_layers": 10,
                    "hidden_dim": 32,
                    "l2_cls": 0.019204142266834447,
                    "l2_ghat": 0.4432151149281301,
                    "boost_lr": 0.34674981234639984,
                    "SWIM_scale": 1.1142345474899598
                },
                {
                    "in_dim": 32,
                    "n_classes": 5,
                    "feature_type": "SWIM",
                    "upscale_type": "identity",
                    "randfeat_xt_dim": 512,
                    "randfeat_x0_dim": 512,
                    "activation": "tanh",
                    "use_batchnorm": false,
                    "do_linesearch": true,
                    "add_features": false,
                    "n_layers": 10,
                    "hidden_dim": 32,
                    "l2_cls": 0.003724567156089377,
                    "l2_ghat": 0.0036772881937726294,
                    "boost_lr": 0.11691108406093943,
                    "SWIM_scale": 0.9191329208328571
                },
                {
                    "in_dim": 32,
                    "n_classes": 5,
                    "feature_type": "SWIM",
                    "upscale_type": "identity",
                    "randfeat_xt_dim": 512,
                    "randfeat_x0_dim": 512,
                    "activation": "tanh",
                    "use_batchnorm": false,
                    "do_linesearch": true,
                    "add_features": false,
                    "n_layers": 2,
                    "hidden_dim": 32,
                    "l2_cls": 0.0033863968986962557,
                    "l2_ghat": 0.01058491722102551,
                    "boost_lr": 0.3127508002636539,
                    "SWIM_scale": 1.1374953149863125
                },
                {
                    "in_dim": 32,
                    "n_classes": 5,
                    "feature_type": "SWIM",
                    "upscale_type": "identity",
                    "randfeat_xt_dim": 512,
                    "randfeat_x0_dim": 512,
                    "activation": "tanh",
                    "use_batchnorm": false,
                    "do_linesearch": true,
                    "add_features": false,
                    "n_layers": 9,
                    "hidden_dim": 32,
                    "l2_cls": 0.0018843696164429018,
                    "l2_ghat": 0.4695671525481803,
                    "boost_lr": 0.24021442709385774,
                    "SWIM_scale": 1.2105539768510623
                }
            ]
        }
    }
}