{
    "1464": {
        "RFNN": {
            "score_train": [
                -0.785953164100647,
                -0.8060200810432434,
                -0.8177257776260376,
                -0.8063439130783081,
                -0.8146911263465881
            ],
            "score_test": [
                -0.8600000143051147,
                -0.8199999928474426,
                -0.7400000095367432,
                -0.8053691387176514,
                -0.744966447353363
            ],
            "t_fit": [
                0.11765419691801071,
                0.22244378551840782,
                0.21082589030265808,
                0.07869600877165794,
                0.06855237483978271
            ],
            "t_inference": [
                0.00039349496364593506,
                0.001550484448671341,
                0.0007610209286212921,
                0.0004716441035270691,
                0.0002788752317428589
            ],
            "hyperparams": [
                {
                    "n_layers": 0,
                    "in_dim": 4,
                    "n_classes": 2,
                    "upscale_type": "SWIM",
                    "activation": "tanh",
                    "use_batchnorm": false,
                    "hidden_dim": 44,
                    "SWIM_scale": 0.9787438785121136,
                    "l2_cls": 0.00032226799098496883
                },
                {
                    "n_layers": 0,
                    "in_dim": 4,
                    "n_classes": 2,
                    "upscale_type": "SWIM",
                    "activation": "tanh",
                    "use_batchnorm": false,
                    "hidden_dim": 310,
                    "SWIM_scale": 0.526589839819241,
                    "l2_cls": 0.0006773919648143742
                },
                {
                    "n_layers": 0,
                    "in_dim": 4,
                    "n_classes": 2,
                    "upscale_type": "SWIM",
                    "activation": "tanh",
                    "use_batchnorm": false,
                    "hidden_dim": 164,
                    "SWIM_scale": 0.6485119008485092,
                    "l2_cls": 0.0002667976045685037
                },
                {
                    "n_layers": 0,
                    "in_dim": 4,
                    "n_classes": 2,
                    "upscale_type": "SWIM",
                    "activation": "tanh",
                    "use_batchnorm": false,
                    "hidden_dim": 85,
                    "SWIM_scale": 0.6042575213352521,
                    "l2_cls": 0.0010112450318403297
                },
                {
                    "n_layers": 0,
                    "in_dim": 4,
                    "n_classes": 2,
                    "upscale_type": "SWIM",
                    "activation": "tanh",
                    "use_batchnorm": false,
                    "hidden_dim": 25,
                    "SWIM_scale": 1.158200868230857,
                    "l2_cls": 0.00044571596257615676
                }
            ]
        }
    }
}