{
    "1475": {
        "RFRBoost_ID_batchnormFalse": {
            "score_train": [
                -0.8287500143051147,
                -0.722000002861023,
                -0.7289999723434448,
                -0.6830000281333923,
                -0.809499979019165
            ],
            "score_test": [
                -0.5440000295639038,
                -0.527999997138977,
                -0.5580000281333923,
                -0.5519999861717224,
                -0.5450000166893005
            ],
            "t_fit": [
                16.016957588493824,
                2.134491827338934,
                5.93751572817564,
                0.7462837882339954,
                10.185847505927086
            ],
            "t_inference": [
                0.7297655530273914,
                0.23073609173297882,
                0.4011574685573578,
                0.07488930225372314,
                0.6326245591044426
            ],
            "hyperparams": [
                {
                    "in_dim": 51,
                    "n_classes": 6,
                    "feature_type": "SWIM",
                    "upscale_type": "identity",
                    "randfeat_xt_dim": 512,
                    "randfeat_x0_dim": 512,
                    "activation": "tanh",
                    "use_batchnorm": false,
                    "do_linesearch": true,
                    "add_features": false,
                    "n_layers": 7,
                    "hidden_dim": 51,
                    "l2_cls": 2.9516492121751997e-05,
                    "l2_ghat": 0.00011165380341472344,
                    "boost_lr": 0.5778863321129635,
                    "SWIM_scale": 1.8720424862175462
                },
                {
                    "in_dim": 51,
                    "n_classes": 6,
                    "feature_type": "SWIM",
                    "upscale_type": "identity",
                    "randfeat_xt_dim": 512,
                    "randfeat_x0_dim": 512,
                    "activation": "tanh",
                    "use_batchnorm": false,
                    "do_linesearch": true,
                    "add_features": false,
                    "n_layers": 2,
                    "hidden_dim": 51,
                    "l2_cls": 9.102103943698332,
                    "l2_ghat": 7.858293725367151e-05,
                    "boost_lr": 0.5024840093706249,
                    "SWIM_scale": 1.590020860277462
                },
                {
                    "in_dim": 51,
                    "n_classes": 6,
                    "feature_type": "SWIM",
                    "upscale_type": "identity",
                    "randfeat_xt_dim": 512,
                    "randfeat_x0_dim": 512,
                    "activation": "tanh",
                    "use_batchnorm": false,
                    "do_linesearch": true,
                    "add_features": false,
                    "n_layers": 6,
                    "hidden_dim": 51,
                    "l2_cls": 0.0001105791540091852,
                    "l2_ghat": 0.0001487729102937773,
                    "boost_lr": 0.14062771435640853,
                    "SWIM_scale": 1.8445233973416235
                },
                {
                    "in_dim": 51,
                    "n_classes": 6,
                    "feature_type": "SWIM",
                    "upscale_type": "identity",
                    "randfeat_xt_dim": 512,
                    "randfeat_x0_dim": 512,
                    "activation": "tanh",
                    "use_batchnorm": false,
                    "do_linesearch": true,
                    "add_features": false,
                    "n_layers": 1,
                    "hidden_dim": 51,
                    "l2_cls": 0.004783184254596507,
                    "l2_ghat": 2.5472805914771397e-05,
                    "boost_lr": 0.5655076388464852,
                    "SWIM_scale": 1.5592529720552233
                },
                {
                    "in_dim": 51,
                    "n_classes": 6,
                    "feature_type": "SWIM",
                    "upscale_type": "identity",
                    "randfeat_xt_dim": 512,
                    "randfeat_x0_dim": 512,
                    "activation": "tanh",
                    "use_batchnorm": false,
                    "do_linesearch": true,
                    "add_features": false,
                    "n_layers": 10,
                    "hidden_dim": 51,
                    "l2_cls": 8.38823767710414e-05,
                    "l2_ghat": 0.00010051899511328243,
                    "boost_lr": 0.1852875653617418,
                    "SWIM_scale": 1.8906472314465441
                }
            ]
        }
    }
}