{
    "41027": {
        "End2End_cpu": {
            "score_train": [
                -0.9347500205039978,
                -0.9402499794960022,
                -0.9177500009536743,
                -0.9135000109672546,
                -0.9160000085830688
            ],
            "score_test": [
                -0.8479999899864197,
                -0.8309999704360962,
                -0.8450000286102295,
                -0.8510000109672546,
                -0.8460000157356262
            ],
            "t_fit": [
                75.32492629811168,
                52.290967248380184,
                15.862856023013592,
                40.92449161037803,
                16.528010722249746
            ],
            "t_inference": [
                0.5634490363299847,
                0.2749154791235924,
                0.1498333439230919,
                0.3530476726591587,
                0.13766353949904442
            ],
            "hyperparams": [
                {
                    "in_dim": 6,
                    "out_dim": 3,
                    "loss": "cce",
                    "bottleneck_dim": 512,
                    "n_blocks": 9,
                    "hidden_dim": 156,
                    "lr": 0.03802503046460594,
                    "end_lr_factor": 0.018562030145404786,
                    "n_epochs": 50,
                    "weight_decay": 0.0002475584183481546,
                    "batch_size": 256
                },
                {
                    "in_dim": 6,
                    "out_dim": 3,
                    "loss": "cce",
                    "bottleneck_dim": 512,
                    "n_blocks": 7,
                    "hidden_dim": 86,
                    "lr": 0.014658777360399694,
                    "end_lr_factor": 0.01830282128359822,
                    "n_epochs": 50,
                    "weight_decay": 0.00024588422214641035,
                    "batch_size": 128
                },
                {
                    "in_dim": 6,
                    "out_dim": 3,
                    "loss": "cce",
                    "bottleneck_dim": 512,
                    "n_blocks": 4,
                    "hidden_dim": 103,
                    "lr": 0.028323298967878507,
                    "end_lr_factor": 0.010152305012736458,
                    "n_epochs": 34,
                    "weight_decay": 0.00035430404577003506,
                    "batch_size": 256
                },
                {
                    "in_dim": 6,
                    "out_dim": 3,
                    "loss": "cce",
                    "bottleneck_dim": 512,
                    "n_blocks": 6,
                    "hidden_dim": 213,
                    "lr": 0.014361047399633937,
                    "end_lr_factor": 0.01770808007679362,
                    "n_epochs": 35,
                    "weight_decay": 0.0005762552666560088,
                    "batch_size": 128
                },
                {
                    "in_dim": 6,
                    "out_dim": 3,
                    "loss": "cce",
                    "bottleneck_dim": 512,
                    "n_blocks": 3,
                    "hidden_dim": 98,
                    "lr": 0.03183620783920993,
                    "end_lr_factor": 0.025291478026067786,
                    "n_epochs": 33,
                    "weight_decay": 5.29083393166478e-05,
                    "batch_size": 128
                }
            ]
        }
    }
}