{
    "40994": {
        "End2End_cpu": {
            "score_train": [
                -1.0,
                -1.0,
                -0.9953703880310059,
                -1.0,
                -1.0
            ],
            "score_test": [
                -0.9444444179534912,
                -0.9444444179534912,
                -0.9722222089767456,
                -0.9259259104728699,
                -0.9444444179534912
            ],
            "t_fit": [
                19.77153616771102,
                3.2740460000932217,
                1.1911728866398335,
                1.6432347521185875,
                4.6364542581140995
            ],
            "t_inference": [
                0.1957772858440876,
                0.032202932983636856,
                0.02117975801229477,
                0.019173260778188705,
                0.05953136458992958
            ],
            "hyperparams": [
                {
                    "in_dim": 18,
                    "out_dim": 1,
                    "loss": "bce",
                    "bottleneck_dim": 512,
                    "n_blocks": 8,
                    "hidden_dim": 506,
                    "lr": 0.05795042944480903,
                    "end_lr_factor": 0.014584800481758614,
                    "n_epochs": 43,
                    "weight_decay": 0.00015703425975016163,
                    "batch_size": 128
                },
                {
                    "in_dim": 18,
                    "out_dim": 1,
                    "loss": "bce",
                    "bottleneck_dim": 512,
                    "n_blocks": 3,
                    "hidden_dim": 402,
                    "lr": 0.010796423807916001,
                    "end_lr_factor": 0.1268982846490081,
                    "n_epochs": 33,
                    "weight_decay": 0.0003108616692732559,
                    "batch_size": 128
                },
                {
                    "in_dim": 18,
                    "out_dim": 1,
                    "loss": "bce",
                    "bottleneck_dim": 512,
                    "n_blocks": 5,
                    "hidden_dim": 83,
                    "lr": 0.07890925785879725,
                    "end_lr_factor": 0.03711938175354254,
                    "n_epochs": 30,
                    "weight_decay": 0.000921454950408155,
                    "batch_size": 256
                },
                {
                    "in_dim": 18,
                    "out_dim": 1,
                    "loss": "bce",
                    "bottleneck_dim": 512,
                    "n_blocks": 8,
                    "hidden_dim": 64,
                    "lr": 0.013259367859727325,
                    "end_lr_factor": 0.016827331064187562,
                    "n_epochs": 23,
                    "weight_decay": 0.0001689479763222676,
                    "batch_size": 128
                },
                {
                    "in_dim": 18,
                    "out_dim": 1,
                    "loss": "bce",
                    "bottleneck_dim": 512,
                    "n_blocks": 7,
                    "hidden_dim": 191,
                    "lr": 0.06140858333966034,
                    "end_lr_factor": 0.026492616996776176,
                    "n_epochs": 28,
                    "weight_decay": 0.0002066627474276632,
                    "batch_size": 128
                }
            ]
        }
    }
}