{
    "32": {
        "RFNN_iid": {
            "score_train": [
                -1.0,
                -0.999750018119812,
                -1.0,
                -1.0,
                -1.0
            ],
            "score_test": [
                -0.9929999709129333,
                -0.9869999885559082,
                -0.9929999709129333,
                -0.9909999966621399,
                -0.9909999966621399
            ],
            "t_fit": [
                1.384590070694685,
                1.6587743610143661,
                1.2257386222481728,
                0.8546356186270714,
                1.250095870345831
            ],
            "t_inference": [
                0.013930026441812515,
                0.017159678041934967,
                0.014230944216251373,
                0.011830262839794159,
                0.01513499766588211
            ],
            "hyperparams": [
                {
                    "n_layers": 0,
                    "in_dim": 16,
                    "n_classes": 10,
                    "upscale_type": "iid",
                    "activation": "tanh",
                    "use_batchnorm": false,
                    "hidden_dim": 412,
                    "iid_scale": 3.586308307868892,
                    "l2_cls": 1.5541967710990384e-05
                },
                {
                    "n_layers": 0,
                    "in_dim": 16,
                    "n_classes": 10,
                    "upscale_type": "iid",
                    "activation": "tanh",
                    "use_batchnorm": false,
                    "hidden_dim": 498,
                    "iid_scale": 1.9689092919624875,
                    "l2_cls": 1.043861431992856e-05
                },
                {
                    "n_layers": 0,
                    "in_dim": 16,
                    "n_classes": 10,
                    "upscale_type": "iid",
                    "activation": "tanh",
                    "use_batchnorm": false,
                    "hidden_dim": 449,
                    "iid_scale": 4.431671381679481,
                    "l2_cls": 3.7958075430907544e-05
                },
                {
                    "n_layers": 0,
                    "in_dim": 16,
                    "n_classes": 10,
                    "upscale_type": "iid",
                    "activation": "tanh",
                    "use_batchnorm": false,
                    "hidden_dim": 448,
                    "iid_scale": 5.544618196199326,
                    "l2_cls": 0.00012500867821639428
                },
                {
                    "n_layers": 0,
                    "in_dim": 16,
                    "n_classes": 10,
                    "upscale_type": "iid",
                    "activation": "tanh",
                    "use_batchnorm": false,
                    "hidden_dim": 512,
                    "iid_scale": 3.810234343314328,
                    "l2_cls": 2.8982508611487336e-05
                }
            ]
        }
    }
}