{
    "40668": {
        "End2End_cpu": {
            "score_train": [
                -0.9259999990463257,
                -1.0,
                -1.0,
                -1.0,
                -0.8982499837875366
            ],
            "score_test": [
                -0.7820000052452087,
                -0.7820000052452087,
                -0.7580000162124634,
                -0.7879999876022339,
                -0.7770000100135803
            ],
            "t_fit": [
                5.9530454352498055,
                41.36524622142315,
                60.23885825276375,
                112.81391037255526,
                5.5893465131521225
            ],
            "t_inference": [
                0.14356255531311035,
                0.40065866708755493,
                0.5869672447443008,
                0.8017787858843803,
                0.15618101507425308
            ],
            "hyperparams": [
                {
                    "in_dim": 126,
                    "out_dim": 3,
                    "loss": "cce",
                    "bottleneck_dim": 512,
                    "n_blocks": 1,
                    "hidden_dim": 345,
                    "lr": 0.02439179455847189,
                    "end_lr_factor": 0.18847795061742023,
                    "n_epochs": 17,
                    "weight_decay": 1.4339301617079186e-06,
                    "batch_size": 512
                },
                {
                    "in_dim": 126,
                    "out_dim": 3,
                    "loss": "cce",
                    "bottleneck_dim": 512,
                    "n_blocks": 3,
                    "hidden_dim": 396,
                    "lr": 0.00440785705091269,
                    "end_lr_factor": 0.0287850133600711,
                    "n_epochs": 31,
                    "weight_decay": 2.4315267521532024e-06,
                    "batch_size": 128
                },
                {
                    "in_dim": 126,
                    "out_dim": 3,
                    "loss": "cce",
                    "bottleneck_dim": 512,
                    "n_blocks": 5,
                    "hidden_dim": 333,
                    "lr": 0.0021267444949447717,
                    "end_lr_factor": 0.030751342715063086,
                    "n_epochs": 32,
                    "weight_decay": 6.360351053047562e-05,
                    "batch_size": 128
                },
                {
                    "in_dim": 126,
                    "out_dim": 3,
                    "loss": "cce",
                    "bottleneck_dim": 512,
                    "n_blocks": 9,
                    "hidden_dim": 371,
                    "lr": 0.000733751925931041,
                    "end_lr_factor": 0.11260633395006063,
                    "n_epochs": 46,
                    "weight_decay": 3.068717089449085e-05,
                    "batch_size": 128
                },
                {
                    "in_dim": 126,
                    "out_dim": 3,
                    "loss": "cce",
                    "bottleneck_dim": 512,
                    "n_blocks": 1,
                    "hidden_dim": 502,
                    "lr": 0.008659717786574157,
                    "end_lr_factor": 0.04013090652381527,
                    "n_epochs": 14,
                    "weight_decay": 0.0007744227075825384,
                    "batch_size": 512
                }
            ]
        }
    }
}