{
    "11": {
        "RFRBoost_ID_batchnormFalse": {
            "score_train": [
                -0.9980000257492065,
                -0.9940000176429749,
                -0.9900000095367432,
                -0.9940000176429749,
                -0.9900000095367432
            ],
            "score_test": [
                -0.9760000109672546,
                -0.9919999837875366,
                -0.984000027179718,
                -0.9760000109672546,
                -0.9760000109672546
            ],
            "t_fit": [
                1.815820551943034,
                1.7471744678914547,
                1.2437449130229652,
                2.688808954320848,
                1.4599658008664846
            ],
            "t_inference": [
                0.06295899394899607,
                0.05160279292613268,
                0.05193281313404441,
                0.09444586001336575,
                0.06197680905461311
            ],
            "hyperparams": [
                {
                    "in_dim": 4,
                    "n_classes": 3,
                    "feature_type": "SWIM",
                    "upscale_type": "identity",
                    "randfeat_xt_dim": 512,
                    "randfeat_x0_dim": 512,
                    "activation": "tanh",
                    "use_batchnorm": false,
                    "do_linesearch": true,
                    "add_features": false,
                    "n_layers": 10,
                    "hidden_dim": 4,
                    "l2_cls": 1.0025884274141288e-05,
                    "l2_ghat": 0.08552578154711837,
                    "boost_lr": 0.7927982889468768,
                    "SWIM_scale": 0.6291378275132894
                },
                {
                    "in_dim": 4,
                    "n_classes": 3,
                    "feature_type": "SWIM",
                    "upscale_type": "identity",
                    "randfeat_xt_dim": 512,
                    "randfeat_x0_dim": 512,
                    "activation": "tanh",
                    "use_batchnorm": false,
                    "do_linesearch": true,
                    "add_features": false,
                    "n_layers": 7,
                    "hidden_dim": 4,
                    "l2_cls": 2.0628794404688956e-05,
                    "l2_ghat": 0.37824638979527486,
                    "boost_lr": 0.9940348136186576,
                    "SWIM_scale": 0.25499380338430555
                },
                {
                    "in_dim": 4,
                    "n_classes": 3,
                    "feature_type": "SWIM",
                    "upscale_type": "identity",
                    "randfeat_xt_dim": 512,
                    "randfeat_x0_dim": 512,
                    "activation": "tanh",
                    "use_batchnorm": false,
                    "do_linesearch": true,
                    "add_features": false,
                    "n_layers": 7,
                    "hidden_dim": 4,
                    "l2_cls": 7.96110059172577e-05,
                    "l2_ghat": 8.993860890467719,
                    "boost_lr": 0.6978598288917737,
                    "SWIM_scale": 0.9069371782039293
                },
                {
                    "in_dim": 4,
                    "n_classes": 3,
                    "feature_type": "SWIM",
                    "upscale_type": "identity",
                    "randfeat_xt_dim": 512,
                    "randfeat_x0_dim": 512,
                    "activation": "tanh",
                    "use_batchnorm": false,
                    "do_linesearch": true,
                    "add_features": false,
                    "n_layers": 9,
                    "hidden_dim": 4,
                    "l2_cls": 1.4971094153177462e-05,
                    "l2_ghat": 0.03341245729865214,
                    "boost_lr": 0.558098562931776,
                    "SWIM_scale": 0.2914388332195671
                },
                {
                    "in_dim": 4,
                    "n_classes": 3,
                    "feature_type": "SWIM",
                    "upscale_type": "identity",
                    "randfeat_xt_dim": 512,
                    "randfeat_x0_dim": 512,
                    "activation": "tanh",
                    "use_batchnorm": false,
                    "do_linesearch": true,
                    "add_features": false,
                    "n_layers": 8,
                    "hidden_dim": 4,
                    "l2_cls": 6.80173388883524e-05,
                    "l2_ghat": 0.03395975803076989,
                    "boost_lr": 0.5951682520965048,
                    "SWIM_scale": 0.2506249516334684
                }
            ]
        }
    }
}