{
    "3": {
        "RFRBoost_ID_batchnormFalse": {
            "score_train": [
                -1.0,
                -1.0,
                -1.0,
                -0.9992178082466125,
                -0.9996089339256287
            ],
            "score_test": [
                -0.996874988079071,
                -0.9953051805496216,
                -0.9906103014945984,
                -0.9937402009963989,
                -0.9968701004981995
            ],
            "t_fit": [
                2.6522122845053673,
                1.4756074026226997,
                1.9106658212840557,
                2.5650431253015995,
                2.314782042056322
            ],
            "t_inference": [
                0.34733256697654724,
                0.1965942271053791,
                0.2403363510966301,
                0.2933214157819748,
                0.3091993220150471
            ],
            "hyperparams": [
                {
                    "in_dim": 74,
                    "n_classes": 2,
                    "feature_type": "SWIM",
                    "upscale_type": "identity",
                    "randfeat_xt_dim": 512,
                    "randfeat_x0_dim": 512,
                    "activation": "tanh",
                    "use_batchnorm": false,
                    "do_linesearch": true,
                    "n_layers": 9,
                    "hidden_dim": 74,
                    "l2_cls": 2.0349497021609736e-05,
                    "l2_ghat": 0.0017101508151708368,
                    "boost_lr": 0.7391417356462937,
                    "SWIM_scale": 1.1858151160051373
                },
                {
                    "in_dim": 74,
                    "n_classes": 2,
                    "feature_type": "SWIM",
                    "upscale_type": "identity",
                    "randfeat_xt_dim": 512,
                    "randfeat_x0_dim": 512,
                    "activation": "tanh",
                    "use_batchnorm": false,
                    "do_linesearch": true,
                    "n_layers": 5,
                    "hidden_dim": 74,
                    "l2_cls": 4.175269639251237e-05,
                    "l2_ghat": 0.0019200907749321002,
                    "boost_lr": 0.6675558250967155,
                    "SWIM_scale": 1.6881467949201854
                },
                {
                    "in_dim": 74,
                    "n_classes": 2,
                    "feature_type": "SWIM",
                    "upscale_type": "identity",
                    "randfeat_xt_dim": 512,
                    "randfeat_x0_dim": 512,
                    "activation": "tanh",
                    "use_batchnorm": false,
                    "do_linesearch": true,
                    "n_layers": 6,
                    "hidden_dim": 74,
                    "l2_cls": 0.000381139298545058,
                    "l2_ghat": 0.0002099356653646647,
                    "boost_lr": 0.23879913251854745,
                    "SWIM_scale": 1.0316493033702823
                },
                {
                    "in_dim": 74,
                    "n_classes": 2,
                    "feature_type": "SWIM",
                    "upscale_type": "identity",
                    "randfeat_xt_dim": 512,
                    "randfeat_x0_dim": 512,
                    "activation": "tanh",
                    "use_batchnorm": false,
                    "do_linesearch": true,
                    "n_layers": 7,
                    "hidden_dim": 74,
                    "l2_cls": 3.816100138652329e-05,
                    "l2_ghat": 0.00012630047801493054,
                    "boost_lr": 0.18254436948751673,
                    "SWIM_scale": 0.9928234873174371
                },
                {
                    "in_dim": 74,
                    "n_classes": 2,
                    "feature_type": "SWIM",
                    "upscale_type": "identity",
                    "randfeat_xt_dim": 512,
                    "randfeat_x0_dim": 512,
                    "activation": "tanh",
                    "use_batchnorm": false,
                    "do_linesearch": true,
                    "n_layers": 8,
                    "hidden_dim": 74,
                    "l2_cls": 0.001346696543838125,
                    "l2_ghat": 0.0010351358734247717,
                    "boost_lr": 0.19618113714543275,
                    "SWIM_scale": 0.8797616998462969
                }
            ]
        }
    }
}