{
    "40966": {
        "RFRBoost_ID_batchnormFalse_featiid": {
            "score_train": [
                -1.0,
                -1.0,
                -1.0,
                -1.0,
                -1.0
            ],
            "score_test": [
                -1.0,
                -1.0,
                -1.0,
                -1.0,
                -1.0
            ],
            "t_fit": [
                1.460429608821869,
                1.32960644364357,
                1.351210929453373,
                3.308746963739395,
                1.3539813533425331
            ],
            "t_inference": [
                0.07404297217726707,
                0.06668577715754509,
                0.07118289545178413,
                0.21179229393601418,
                0.06333918496966362
            ],
            "hyperparams": [
                {
                    "in_dim": 77,
                    "n_classes": 8,
                    "feature_type": "iid",
                    "upscale_type": "identity",
                    "randfeat_xt_dim": 512,
                    "randfeat_x0_dim": 512,
                    "activation": "tanh",
                    "use_batchnorm": false,
                    "do_linesearch": true,
                    "add_features": false,
                    "n_layers": 3,
                    "hidden_dim": 77,
                    "l2_cls": 6.870101665590028e-05,
                    "l2_ghat": 0.0005660670699258885,
                    "boost_lr": 0.23246728489504342,
                    "iid_scale": 0.8168455894760165
                },
                {
                    "in_dim": 77,
                    "n_classes": 8,
                    "feature_type": "iid",
                    "upscale_type": "identity",
                    "randfeat_xt_dim": 512,
                    "randfeat_x0_dim": 512,
                    "activation": "tanh",
                    "use_batchnorm": false,
                    "do_linesearch": true,
                    "add_features": false,
                    "n_layers": 3,
                    "hidden_dim": 77,
                    "l2_cls": 6.870101665590028e-05,
                    "l2_ghat": 0.0005660670699258885,
                    "boost_lr": 0.23246728489504342,
                    "iid_scale": 0.8168455894760165
                },
                {
                    "in_dim": 77,
                    "n_classes": 8,
                    "feature_type": "iid",
                    "upscale_type": "identity",
                    "randfeat_xt_dim": 512,
                    "randfeat_x0_dim": 512,
                    "activation": "tanh",
                    "use_batchnorm": false,
                    "do_linesearch": true,
                    "add_features": false,
                    "n_layers": 3,
                    "hidden_dim": 77,
                    "l2_cls": 6.870101665590028e-05,
                    "l2_ghat": 0.0005660670699258885,
                    "boost_lr": 0.23246728489504342,
                    "iid_scale": 0.8168455894760165
                },
                {
                    "in_dim": 77,
                    "n_classes": 8,
                    "feature_type": "iid",
                    "upscale_type": "identity",
                    "randfeat_xt_dim": 512,
                    "randfeat_x0_dim": 512,
                    "activation": "tanh",
                    "use_batchnorm": false,
                    "do_linesearch": true,
                    "add_features": false,
                    "n_layers": 8,
                    "hidden_dim": 77,
                    "l2_cls": 1.2250299406922689e-05,
                    "l2_ghat": 0.0004924771703824516,
                    "boost_lr": 0.11610564088931144,
                    "iid_scale": 1.2689081933149196
                },
                {
                    "in_dim": 77,
                    "n_classes": 8,
                    "feature_type": "iid",
                    "upscale_type": "identity",
                    "randfeat_xt_dim": 512,
                    "randfeat_x0_dim": 512,
                    "activation": "tanh",
                    "use_batchnorm": false,
                    "do_linesearch": true,
                    "add_features": false,
                    "n_layers": 3,
                    "hidden_dim": 77,
                    "l2_cls": 6.870101665590028e-05,
                    "l2_ghat": 0.0005660670699258885,
                    "boost_lr": 0.23246728489504342,
                    "iid_scale": 0.8168455894760165
                }
            ]
        }
    }
}