{
    "40984": {
        "End2End_cpu": {
            "score_train": [
                -0.9718614816665649,
                -0.9680736064910889,
                -0.9767315983772278,
                -0.9713203310966492,
                -0.9691558480262756
            ],
            "score_test": [
                -0.9242424368858337,
                -0.9307359457015991,
                -0.9199134111404419,
                -0.9350649118423462,
                -0.9372294545173645
            ],
            "t_fit": [
                80.54318952560425,
                5.0783014595508575,
                31.262919694185257,
                23.92906740307808,
                30.001356154680252
            ],
            "t_inference": [
                0.1110735833644867,
                0.018761947751045227,
                0.22995057702064514,
                0.14738869667053223,
                0.23859302699565887
            ],
            "hyperparams": [
                {
                    "in_dim": 16,
                    "out_dim": 7,
                    "loss": "cce",
                    "bottleneck_dim": 512,
                    "n_blocks": 8,
                    "hidden_dim": 74,
                    "lr": 0.0008173875155592415,
                    "end_lr_factor": 0.06641641690684652,
                    "n_epochs": 32,
                    "weight_decay": 0.0005222528180804735,
                    "batch_size": 128
                },
                {
                    "in_dim": 16,
                    "out_dim": 7,
                    "loss": "cce",
                    "bottleneck_dim": 512,
                    "n_blocks": 1,
                    "hidden_dim": 95,
                    "lr": 0.003275639380942651,
                    "end_lr_factor": 0.011255843564374582,
                    "n_epochs": 42,
                    "weight_decay": 0.0007854486230390397,
                    "batch_size": 128
                },
                {
                    "in_dim": 16,
                    "out_dim": 7,
                    "loss": "cce",
                    "bottleneck_dim": 512,
                    "n_blocks": 5,
                    "hidden_dim": 216,
                    "lr": 0.0008288443555811392,
                    "end_lr_factor": 0.01215473488764904,
                    "n_epochs": 47,
                    "weight_decay": 0.00014701128517099135,
                    "batch_size": 128
                },
                {
                    "in_dim": 16,
                    "out_dim": 7,
                    "loss": "cce",
                    "bottleneck_dim": 512,
                    "n_blocks": 3,
                    "hidden_dim": 266,
                    "lr": 0.0023277072184987087,
                    "end_lr_factor": 0.06555451461149228,
                    "n_epochs": 50,
                    "weight_decay": 0.0004981829049383668,
                    "batch_size": 128
                },
                {
                    "in_dim": 16,
                    "out_dim": 7,
                    "loss": "cce",
                    "bottleneck_dim": 512,
                    "n_blocks": 8,
                    "hidden_dim": 144,
                    "lr": 0.0017870898928230477,
                    "end_lr_factor": 0.019756532999265,
                    "n_epochs": 39,
                    "weight_decay": 0.0003854761137353112,
                    "batch_size": 128
                }
            ]
        }
    }
}