{
    "23": {
        "End2End_cpu": {
            "score_train": [
                -0.695246160030365,
                -0.6808149218559265,
                -0.6918506026268005,
                -0.6802374720573425,
                -0.6810856461524963
            ],
            "score_test": [
                -0.498305082321167,
                -0.47457626461982727,
                -0.5491525530815125,
                -0.5748299360275269,
                -0.5714285969734192
            ],
            "t_fit": [
                33.05046393349767,
                17.10112915933132,
                23.365008767694235,
                7.19571328908205,
                4.477153617888689
            ],
            "t_inference": [
                0.0820075273513794,
                0.10098167881369591,
                0.129768006503582,
                0.13609497994184494,
                0.0445823110640049
            ],
            "hyperparams": [
                {
                    "in_dim": 24,
                    "out_dim": 3,
                    "loss": "cce",
                    "bottleneck_dim": 512,
                    "n_blocks": 6,
                    "hidden_dim": 123,
                    "lr": 0.0075932440762186,
                    "end_lr_factor": 0.1577720256092132,
                    "n_epochs": 13,
                    "weight_decay": 3.7669698412225082e-06,
                    "batch_size": 128
                },
                {
                    "in_dim": 24,
                    "out_dim": 3,
                    "loss": "cce",
                    "bottleneck_dim": 512,
                    "n_blocks": 6,
                    "hidden_dim": 224,
                    "lr": 0.007041830285015997,
                    "end_lr_factor": 0.7321173243252596,
                    "n_epochs": 10,
                    "weight_decay": 1.306699123790696e-06,
                    "batch_size": 128
                },
                {
                    "in_dim": 24,
                    "out_dim": 3,
                    "loss": "cce",
                    "bottleneck_dim": 512,
                    "n_blocks": 3,
                    "hidden_dim": 456,
                    "lr": 0.005338564039613296,
                    "end_lr_factor": 0.40743344662772224,
                    "n_epochs": 26,
                    "weight_decay": 2.0109232930822314e-06,
                    "batch_size": 384
                },
                {
                    "in_dim": 24,
                    "out_dim": 3,
                    "loss": "cce",
                    "bottleneck_dim": 512,
                    "n_blocks": 6,
                    "hidden_dim": 245,
                    "lr": 0.0035065088798521397,
                    "end_lr_factor": 0.4147192574921728,
                    "n_epochs": 12,
                    "weight_decay": 2.849224668739186e-06,
                    "batch_size": 128
                },
                {
                    "in_dim": 24,
                    "out_dim": 3,
                    "loss": "cce",
                    "bottleneck_dim": 512,
                    "n_blocks": 4,
                    "hidden_dim": 116,
                    "lr": 0.00886964420194342,
                    "end_lr_factor": 0.6714589145661098,
                    "n_epochs": 19,
                    "weight_decay": 3.0128832382305623e-06,
                    "batch_size": 384
                }
            ]
        }
    }
}