{
    "40984": {
        "RFNN": {
            "score_train": [
                -0.9707792401313782,
                -0.9567099809646606,
                -0.9626623392105103,
                -0.9621211886405945,
                -0.9642857313156128
            ],
            "score_test": [
                -0.9264069199562073,
                -0.939393937587738,
                -0.9177489280700684,
                -0.9307359457015991,
                -0.9350649118423462
            ],
            "t_fit": [
                2.3716967701911926,
                2.037397652864456,
                2.2155096381902695,
                2.4319389164447784,
                1.8681070506572723
            ],
            "t_inference": [
                0.012214615941047668,
                0.011670738458633423,
                0.007904961705207825,
                0.00920097529888153,
                0.008494570851325989
            ],
            "hyperparams": [
                {
                    "n_layers": 0,
                    "in_dim": 16,
                    "n_classes": 7,
                    "upscale_type": "SWIM",
                    "activation": "tanh",
                    "use_batchnorm": false,
                    "hidden_dim": 384,
                    "SWIM_scale": 1.6239920634350713,
                    "l2_cls": 1.9702132551282378e-05
                },
                {
                    "n_layers": 0,
                    "in_dim": 16,
                    "n_classes": 7,
                    "upscale_type": "SWIM",
                    "activation": "tanh",
                    "use_batchnorm": false,
                    "hidden_dim": 461,
                    "SWIM_scale": 1.312289822102867,
                    "l2_cls": 4.081228659880914e-05
                },
                {
                    "n_layers": 0,
                    "in_dim": 16,
                    "n_classes": 7,
                    "upscale_type": "SWIM",
                    "activation": "tanh",
                    "use_batchnorm": false,
                    "hidden_dim": 313,
                    "SWIM_scale": 1.2842133502195825,
                    "l2_cls": 1.5735974227511784e-05
                },
                {
                    "n_layers": 0,
                    "in_dim": 16,
                    "n_classes": 7,
                    "upscale_type": "SWIM",
                    "activation": "tanh",
                    "use_batchnorm": false,
                    "hidden_dim": 343,
                    "SWIM_scale": 1.4626865368571271,
                    "l2_cls": 1.1019310813078665e-05
                },
                {
                    "n_layers": 0,
                    "in_dim": 16,
                    "n_classes": 7,
                    "upscale_type": "SWIM",
                    "activation": "tanh",
                    "use_batchnorm": false,
                    "hidden_dim": 500,
                    "SWIM_scale": 1.9006614522719907,
                    "l2_cls": 2.9289109335097498e-05
                }
            ]
        }
    }
}