{
    "3": {
        "End2End_cpu": {
            "score_train": [
                -1.0,
                -1.0,
                -1.0,
                -1.0,
                -1.0
            ],
            "score_test": [
                -0.996874988079071,
                -0.9937402009963989,
                -0.9968701004981995,
                -0.9953051805496216,
                -1.0
            ],
            "t_fit": [
                12.33815398812294,
                14.840827748179436,
                8.99948239326477,
                31.60391215980053,
                25.168035581707954
            ],
            "t_inference": [
                0.1176380068063736,
                0.09998084604740143,
                0.04239177703857422,
                0.25846001505851746,
                0.13941392302513123
            ],
            "hyperparams": [
                {
                    "in_dim": 74,
                    "out_dim": 1,
                    "loss": "bce",
                    "bottleneck_dim": 512,
                    "n_blocks": 1,
                    "hidden_dim": 431,
                    "lr": 0.0007422385084825484,
                    "end_lr_factor": 0.7992364214633466,
                    "n_epochs": 39,
                    "weight_decay": 0.00025006833030091487,
                    "batch_size": 256
                },
                {
                    "in_dim": 74,
                    "out_dim": 1,
                    "loss": "bce",
                    "bottleneck_dim": 512,
                    "n_blocks": 5,
                    "hidden_dim": 50,
                    "lr": 0.00237059913286421,
                    "end_lr_factor": 0.08057774992188856,
                    "n_epochs": 46,
                    "weight_decay": 1.074165037089203e-05,
                    "batch_size": 128
                },
                {
                    "in_dim": 74,
                    "out_dim": 1,
                    "loss": "bce",
                    "bottleneck_dim": 512,
                    "n_blocks": 1,
                    "hidden_dim": 171,
                    "lr": 0.002816941885221462,
                    "end_lr_factor": 0.16409659874760027,
                    "n_epochs": 44,
                    "weight_decay": 1.832679151038697e-06,
                    "batch_size": 128
                },
                {
                    "in_dim": 74,
                    "out_dim": 1,
                    "loss": "bce",
                    "bottleneck_dim": 512,
                    "n_blocks": 5,
                    "hidden_dim": 196,
                    "lr": 0.0029429484039893553,
                    "end_lr_factor": 0.09703539258622085,
                    "n_epochs": 36,
                    "weight_decay": 0.00044320385697453846,
                    "batch_size": 128
                },
                {
                    "in_dim": 74,
                    "out_dim": 1,
                    "loss": "bce",
                    "bottleneck_dim": 512,
                    "n_blocks": 5,
                    "hidden_dim": 160,
                    "lr": 0.005199662619483192,
                    "end_lr_factor": 0.3656065236689252,
                    "n_epochs": 42,
                    "weight_decay": 7.108552256494192e-06,
                    "batch_size": 128
                }
            ]
        }
    }
}