{
    "151": {
        "End2End_cpu": {
            "score_train": [
                -0.9315000176429749,
                -0.8320000171661377,
                -0.8345000147819519,
                -0.8840000033378601,
                -0.8899999856948853
            ],
            "score_test": [
                -0.781000018119812,
                -0.796999990940094,
                -0.7670000195503235,
                -0.7860000133514404,
                -0.8040000200271606
            ],
            "t_fit": [
                20.007960751652718,
                21.796553410589695,
                24.5986919850111,
                39.54819676280022,
                14.81530836224556
            ],
            "t_inference": [
                0.35712383687496185,
                0.4855659008026123,
                0.8520196750760078,
                0.41543862968683243,
                0.572022944688797
            ],
            "hyperparams": [
                {
                    "in_dim": 14,
                    "out_dim": 1,
                    "loss": "bce",
                    "bottleneck_dim": 512,
                    "n_blocks": 7,
                    "hidden_dim": 170,
                    "lr": 7.843197747124774e-05,
                    "end_lr_factor": 0.021975694068664064,
                    "n_epochs": 24,
                    "weight_decay": 4.529547753595414e-05,
                    "batch_size": 384
                },
                {
                    "in_dim": 14,
                    "out_dim": 1,
                    "loss": "bce",
                    "bottleneck_dim": 512,
                    "n_blocks": 7,
                    "hidden_dim": 250,
                    "lr": 0.0019778777797744927,
                    "end_lr_factor": 0.08565197725386536,
                    "n_epochs": 15,
                    "weight_decay": 6.0131538050736846e-06,
                    "batch_size": 128
                },
                {
                    "in_dim": 14,
                    "out_dim": 1,
                    "loss": "bce",
                    "bottleneck_dim": 512,
                    "n_blocks": 9,
                    "hidden_dim": 374,
                    "lr": 0.0010682820164244562,
                    "end_lr_factor": 0.030805267974463386,
                    "n_epochs": 13,
                    "weight_decay": 2.7327785459397813e-06,
                    "batch_size": 384
                },
                {
                    "in_dim": 14,
                    "out_dim": 1,
                    "loss": "bce",
                    "bottleneck_dim": 512,
                    "n_blocks": 8,
                    "hidden_dim": 109,
                    "lr": 0.0099769259759239,
                    "end_lr_factor": 0.01120381771874542,
                    "n_epochs": 31,
                    "weight_decay": 2.2857800703125557e-06,
                    "batch_size": 128
                },
                {
                    "in_dim": 14,
                    "out_dim": 1,
                    "loss": "bce",
                    "bottleneck_dim": 512,
                    "n_blocks": 8,
                    "hidden_dim": 226,
                    "lr": 0.00019033806099719004,
                    "end_lr_factor": 0.04831767455598593,
                    "n_epochs": 11,
                    "weight_decay": 4.765386238782949e-05,
                    "batch_size": 384
                }
            ]
        }
    }
}