{
    "28": {
        "RFRBoost_ID_batchnormFalse": {
            "score_train": [
                -1.0,
                -1.0,
                -1.0,
                -1.0,
                -1.0
            ],
            "score_test": [
                -0.9950000047683716,
                -0.9890000224113464,
                -0.9909999966621399,
                -0.9869999885559082,
                -0.9909999966621399
            ],
            "t_fit": [
                12.676023505628109,
                5.224157378077507,
                7.341298349201679,
                6.5188894495368,
                4.251195251941681
            ],
            "t_inference": [
                1.2824454680085182,
                0.6596929356455803,
                0.9352626278996468,
                0.8710699006915092,
                0.5529871731996536
            ],
            "hyperparams": [
                {
                    "in_dim": 64,
                    "n_classes": 10,
                    "feature_type": "SWIM",
                    "upscale_type": "identity",
                    "randfeat_xt_dim": 512,
                    "randfeat_x0_dim": 512,
                    "activation": "tanh",
                    "use_batchnorm": false,
                    "do_linesearch": true,
                    "add_features": false,
                    "n_layers": 6,
                    "hidden_dim": 64,
                    "l2_cls": 5.824554343216081,
                    "l2_ghat": 9.580821726816186e-05,
                    "boost_lr": 0.7531691897939466,
                    "SWIM_scale": 1.42402124830555
                },
                {
                    "in_dim": 64,
                    "n_classes": 10,
                    "feature_type": "SWIM",
                    "upscale_type": "identity",
                    "randfeat_xt_dim": 512,
                    "randfeat_x0_dim": 512,
                    "activation": "tanh",
                    "use_batchnorm": false,
                    "do_linesearch": true,
                    "add_features": false,
                    "n_layers": 9,
                    "hidden_dim": 64,
                    "l2_cls": 1.8786342053925449,
                    "l2_ghat": 0.0003021455775213483,
                    "boost_lr": 0.8981069684777206,
                    "SWIM_scale": 1.2890043533803637
                },
                {
                    "in_dim": 64,
                    "n_classes": 10,
                    "feature_type": "SWIM",
                    "upscale_type": "identity",
                    "randfeat_xt_dim": 512,
                    "randfeat_x0_dim": 512,
                    "activation": "tanh",
                    "use_batchnorm": false,
                    "do_linesearch": true,
                    "add_features": false,
                    "n_layers": 10,
                    "hidden_dim": 64,
                    "l2_cls": 0.002718146747487613,
                    "l2_ghat": 0.00019807333151093293,
                    "boost_lr": 0.566765286290494,
                    "SWIM_scale": 1.3483751541979119
                },
                {
                    "in_dim": 64,
                    "n_classes": 10,
                    "feature_type": "SWIM",
                    "upscale_type": "identity",
                    "randfeat_xt_dim": 512,
                    "randfeat_x0_dim": 512,
                    "activation": "tanh",
                    "use_batchnorm": false,
                    "do_linesearch": true,
                    "add_features": false,
                    "n_layers": 10,
                    "hidden_dim": 64,
                    "l2_cls": 0.0002515544870677769,
                    "l2_ghat": 0.00020456171938121857,
                    "boost_lr": 0.2862372038340726,
                    "SWIM_scale": 0.9097429488411617
                },
                {
                    "in_dim": 64,
                    "n_classes": 10,
                    "feature_type": "SWIM",
                    "upscale_type": "identity",
                    "randfeat_xt_dim": 512,
                    "randfeat_x0_dim": 512,
                    "activation": "tanh",
                    "use_batchnorm": false,
                    "do_linesearch": true,
                    "add_features": false,
                    "n_layers": 9,
                    "hidden_dim": 64,
                    "l2_cls": 0.00511844708746334,
                    "l2_ghat": 0.003438516927114799,
                    "boost_lr": 0.5972197528238578,
                    "SWIM_scale": 1.2663982749806317
                }
            ]
        }
    }
}