{
    "54": {
        "End2End_cpu": {
            "score_train": [
                -0.9497041702270508,
                -0.9985228776931763,
                -0.9719350337982178,
                -0.9955686926841736,
                -0.9822747707366943
            ],
            "score_test": [
                -0.8176470398902893,
                -0.8284023404121399,
                -0.857988178730011,
                -0.8165680766105652,
                -0.8284023404121399
            ],
            "t_fit": [
                9.905234336853027,
                25.156870037317276,
                1.5809796005487442,
                1.4986700862646103,
                5.055986672639847
            ],
            "t_inference": [
                0.016833722591400146,
                0.10301870107650757,
                0.020352572202682495,
                0.012635737657546997,
                0.04643362760543823
            ],
            "hyperparams": [
                {
                    "in_dim": 18,
                    "out_dim": 4,
                    "loss": "cce",
                    "bottleneck_dim": 512,
                    "n_blocks": 1,
                    "hidden_dim": 395,
                    "lr": 0.009874811823366416,
                    "end_lr_factor": 0.7015790588907939,
                    "n_epochs": 42,
                    "weight_decay": 3.364303898484487e-06,
                    "batch_size": 256
                },
                {
                    "in_dim": 18,
                    "out_dim": 4,
                    "loss": "cce",
                    "bottleneck_dim": 512,
                    "n_blocks": 7,
                    "hidden_dim": 278,
                    "lr": 0.006023057964365117,
                    "end_lr_factor": 0.20608702839916532,
                    "n_epochs": 40,
                    "weight_decay": 2.191569933969536e-06,
                    "batch_size": 128
                },
                {
                    "in_dim": 18,
                    "out_dim": 4,
                    "loss": "cce",
                    "bottleneck_dim": 512,
                    "n_blocks": 1,
                    "hidden_dim": 333,
                    "lr": 0.0012654825555554296,
                    "end_lr_factor": 0.26395486480062247,
                    "n_epochs": 48,
                    "weight_decay": 8.999892775928283e-06,
                    "batch_size": 384
                },
                {
                    "in_dim": 18,
                    "out_dim": 4,
                    "loss": "cce",
                    "bottleneck_dim": 512,
                    "n_blocks": 1,
                    "hidden_dim": 106,
                    "lr": 0.004215125572552496,
                    "end_lr_factor": 0.11784632260544821,
                    "n_epochs": 26,
                    "weight_decay": 4.611938046079873e-06,
                    "batch_size": 128
                },
                {
                    "in_dim": 18,
                    "out_dim": 4,
                    "loss": "cce",
                    "bottleneck_dim": 512,
                    "n_blocks": 2,
                    "hidden_dim": 303,
                    "lr": 0.006025058952146464,
                    "end_lr_factor": 0.07120673685865021,
                    "n_epochs": 47,
                    "weight_decay": 2.2836210590685843e-05,
                    "batch_size": 256
                }
            ]
        }
    }
}