{
    "1464": {
        "RFRBoost_ID_batchnormFalse": {
            "score_train": [
                -0.7926421165466309,
                -0.807692289352417,
                -0.8277592062950134,
                -0.816360592842102,
                -0.816360592842102
            ],
            "score_test": [
                -0.8333333134651184,
                -0.8333333134651184,
                -0.7400000095367432,
                -0.7852349281311035,
                -0.7651006579399109
            ],
            "t_fit": [
                0.19647050648927689,
                1.9955567419528961,
                0.65608786419034,
                0.1408706046640873,
                0.7950390465557575
            ],
            "t_inference": [
                0.00850275531411171,
                0.11204804107546806,
                0.03174922242760658,
                0.006430398672819138,
                0.04999125376343727
            ],
            "hyperparams": [
                {
                    "in_dim": 4,
                    "n_classes": 2,
                    "feature_type": "SWIM",
                    "upscale_type": "identity",
                    "randfeat_xt_dim": 512,
                    "randfeat_x0_dim": 512,
                    "activation": "tanh",
                    "use_batchnorm": false,
                    "do_linesearch": true,
                    "add_features": false,
                    "n_layers": 1,
                    "hidden_dim": 4,
                    "l2_cls": 1.0232259335649993e-05,
                    "l2_ghat": 0.024586617971733976,
                    "boost_lr": 0.1734314174088462,
                    "SWIM_scale": 1.5983056583193267
                },
                {
                    "in_dim": 4,
                    "n_classes": 2,
                    "feature_type": "SWIM",
                    "upscale_type": "identity",
                    "randfeat_xt_dim": 512,
                    "randfeat_x0_dim": 512,
                    "activation": "tanh",
                    "use_batchnorm": false,
                    "do_linesearch": true,
                    "add_features": false,
                    "n_layers": 6,
                    "hidden_dim": 4,
                    "l2_cls": 0.0021780820296105905,
                    "l2_ghat": 0.24993236848507522,
                    "boost_lr": 0.11039747024133457,
                    "SWIM_scale": 0.7837832584271862
                },
                {
                    "in_dim": 4,
                    "n_classes": 2,
                    "feature_type": "SWIM",
                    "upscale_type": "identity",
                    "randfeat_xt_dim": 512,
                    "randfeat_x0_dim": 512,
                    "activation": "tanh",
                    "use_batchnorm": false,
                    "do_linesearch": true,
                    "add_features": false,
                    "n_layers": 4,
                    "hidden_dim": 4,
                    "l2_cls": 0.0007883174950248479,
                    "l2_ghat": 0.04397201644294262,
                    "boost_lr": 0.10859049680533553,
                    "SWIM_scale": 0.9162149219643724
                },
                {
                    "in_dim": 4,
                    "n_classes": 2,
                    "feature_type": "SWIM",
                    "upscale_type": "identity",
                    "randfeat_xt_dim": 512,
                    "randfeat_x0_dim": 512,
                    "activation": "tanh",
                    "use_batchnorm": false,
                    "do_linesearch": true,
                    "add_features": false,
                    "n_layers": 1,
                    "hidden_dim": 4,
                    "l2_cls": 0.00010964337355981041,
                    "l2_ghat": 0.04310232760349765,
                    "boost_lr": 0.33293023377393693,
                    "SWIM_scale": 1.1353843662507828
                },
                {
                    "in_dim": 4,
                    "n_classes": 2,
                    "feature_type": "SWIM",
                    "upscale_type": "identity",
                    "randfeat_xt_dim": 512,
                    "randfeat_x0_dim": 512,
                    "activation": "tanh",
                    "use_batchnorm": false,
                    "do_linesearch": true,
                    "add_features": false,
                    "n_layers": 8,
                    "hidden_dim": 4,
                    "l2_cls": 0.031460727151787715,
                    "l2_ghat": 2.683304609493007,
                    "boost_lr": 0.5481488524817038,
                    "SWIM_scale": 0.3256014866967164
                }
            ]
        }
    }
}