{
    "41027": {
        "End2End_cpu": {
            "score_train": [
                -0.9147499799728394,
                -0.9190000295639038,
                -0.9117500185966492,
                -0.9330000281333923,
                -0.9244999885559082
            ],
            "score_test": [
                -0.8510000109672546,
                -0.8320000171661377,
                -0.8289999961853027,
                -0.8230000138282776,
                -0.8489999771118164
            ],
            "t_fit": [
                65.71581713855267,
                63.1493095010519,
                38.301092743873596,
                87.13716024905443,
                63.120029129087925
            ],
            "t_inference": [
                0.6535203456878662,
                0.5042213797569275,
                0.26203908026218414,
                0.5758208259940147,
                0.6727951243519783
            ],
            "hyperparams": [
                {
                    "in_dim": 6,
                    "out_dim": 3,
                    "loss": "cce",
                    "bottleneck_dim": 512,
                    "n_blocks": 10,
                    "hidden_dim": 139,
                    "lr": 0.009463693738672776,
                    "end_lr_factor": 0.010196174101758403,
                    "n_epochs": 29,
                    "weight_decay": 0.0008139154462253955,
                    "batch_size": 128
                },
                {
                    "in_dim": 6,
                    "out_dim": 3,
                    "loss": "cce",
                    "bottleneck_dim": 512,
                    "n_blocks": 9,
                    "hidden_dim": 118,
                    "lr": 0.009738223624480437,
                    "end_lr_factor": 0.011848108118455889,
                    "n_epochs": 35,
                    "weight_decay": 0.0007455210853771981,
                    "batch_size": 128
                },
                {
                    "in_dim": 6,
                    "out_dim": 3,
                    "loss": "cce",
                    "bottleneck_dim": 512,
                    "n_blocks": 2,
                    "hidden_dim": 390,
                    "lr": 0.0029497165309392784,
                    "end_lr_factor": 0.4672031734318973,
                    "n_epochs": 41,
                    "weight_decay": 1.837965380370855e-06,
                    "batch_size": 128
                },
                {
                    "in_dim": 6,
                    "out_dim": 3,
                    "loss": "cce",
                    "bottleneck_dim": 512,
                    "n_blocks": 10,
                    "hidden_dim": 141,
                    "lr": 0.005788728169640306,
                    "end_lr_factor": 0.0128218771501604,
                    "n_epochs": 46,
                    "weight_decay": 0.0007144093297681643,
                    "batch_size": 128
                },
                {
                    "in_dim": 6,
                    "out_dim": 3,
                    "loss": "cce",
                    "bottleneck_dim": 512,
                    "n_blocks": 8,
                    "hidden_dim": 207,
                    "lr": 0.00712877008855581,
                    "end_lr_factor": 0.01677594889065997,
                    "n_epochs": 38,
                    "weight_decay": 4.141745254341871e-06,
                    "batch_size": 128
                }
            ]
        }
    }
}