{
    "1053": {
        "RFNN": {
            "score_train": [
                -0.8142499923706055,
                -0.8087499737739563,
                -0.815750002861023,
                -0.8224999904632568,
                -0.8199999928474426
            ],
            "score_test": [
                -0.8069999814033508,
                -0.7889999747276306,
                -0.8149999976158142,
                -0.7950000166893005,
                -0.8230000138282776
            ],
            "t_fit": [
                0.26922729425132275,
                0.04341537365689874,
                0.6106921322643757,
                0.23017832729965448,
                0.5654213479720056
            ],
            "t_inference": [
                0.0039023528806865215,
                0.0009371843189001083,
                0.008060252759605646,
                0.003565243910998106,
                0.006458651274442673
            ],
            "hyperparams": [
                {
                    "n_layers": 0,
                    "in_dim": 21,
                    "n_classes": 2,
                    "upscale_type": "SWIM",
                    "activation": "tanh",
                    "use_batchnorm": false,
                    "hidden_dim": 67,
                    "SWIM_scale": 0.5392022039020645,
                    "l2_cls": 2.641418032262457e-05
                },
                {
                    "n_layers": 0,
                    "in_dim": 21,
                    "n_classes": 2,
                    "upscale_type": "SWIM",
                    "activation": "tanh",
                    "use_batchnorm": false,
                    "hidden_dim": 24,
                    "SWIM_scale": 1.1685939555090825,
                    "l2_cls": 0.0005130018654880708
                },
                {
                    "n_layers": 0,
                    "in_dim": 21,
                    "n_classes": 2,
                    "upscale_type": "SWIM",
                    "activation": "tanh",
                    "use_batchnorm": false,
                    "hidden_dim": 126,
                    "SWIM_scale": 0.5230326207742639,
                    "l2_cls": 8.629132190071849e-05
                },
                {
                    "n_layers": 0,
                    "in_dim": 21,
                    "n_classes": 2,
                    "upscale_type": "SWIM",
                    "activation": "tanh",
                    "use_batchnorm": false,
                    "hidden_dim": 130,
                    "SWIM_scale": 1.2790627904512408,
                    "l2_cls": 3.2977181225434866e-05
                },
                {
                    "n_layers": 0,
                    "in_dim": 21,
                    "n_classes": 2,
                    "upscale_type": "SWIM",
                    "activation": "tanh",
                    "use_batchnorm": false,
                    "hidden_dim": 137,
                    "SWIM_scale": 0.5819194852265708,
                    "l2_cls": 1.7981409115189276e-05
                }
            ]
        }
    }
}