{
    "23517": {
        "RFRBoost_ID_batchnormFalse": {
            "score_train": [
                -0.5397499799728394,
                -0.546999990940094,
                -0.550000011920929,
                -0.5525000095367432,
                -0.5350000262260437
            ],
            "score_test": [
                -0.5139999985694885,
                -0.5120000243186951,
                -0.5019999742507935,
                -0.5239999890327454,
                -0.527999997138977
            ],
            "t_fit": [
                0.49355720542371273,
                1.0549316853284836,
                1.7595371287316084,
                0.6444042846560478,
                4.9485012870281935
            ],
            "t_inference": [
                0.07155914790928364,
                0.14745906740427017,
                0.2635315265506506,
                0.09446529857814312,
                0.6361798923462629
            ],
            "hyperparams": [
                {
                    "in_dim": 21,
                    "n_classes": 2,
                    "feature_type": "SWIM",
                    "upscale_type": "identity",
                    "randfeat_xt_dim": 512,
                    "randfeat_x0_dim": 512,
                    "activation": "tanh",
                    "use_batchnorm": false,
                    "do_linesearch": true,
                    "add_features": false,
                    "n_layers": 1,
                    "hidden_dim": 21,
                    "l2_cls": 4.4321718804305904e-05,
                    "l2_ghat": 1.1428541150404767,
                    "boost_lr": 0.4888467079119514,
                    "SWIM_scale": 1.206634777694704
                },
                {
                    "in_dim": 21,
                    "n_classes": 2,
                    "feature_type": "SWIM",
                    "upscale_type": "identity",
                    "randfeat_xt_dim": 512,
                    "randfeat_x0_dim": 512,
                    "activation": "tanh",
                    "use_batchnorm": false,
                    "do_linesearch": true,
                    "add_features": false,
                    "n_layers": 2,
                    "hidden_dim": 21,
                    "l2_cls": 2.6297540813284783e-05,
                    "l2_ghat": 2.766026242995028,
                    "boost_lr": 0.10060545293112694,
                    "SWIM_scale": 1.8238447747156807
                },
                {
                    "in_dim": 21,
                    "n_classes": 2,
                    "feature_type": "SWIM",
                    "upscale_type": "identity",
                    "randfeat_xt_dim": 512,
                    "randfeat_x0_dim": 512,
                    "activation": "tanh",
                    "use_batchnorm": false,
                    "do_linesearch": true,
                    "add_features": false,
                    "n_layers": 6,
                    "hidden_dim": 21,
                    "l2_cls": 0.031201055271053366,
                    "l2_ghat": 0.005638657101154882,
                    "boost_lr": 0.9088640235739077,
                    "SWIM_scale": 0.26234643289675863
                },
                {
                    "in_dim": 21,
                    "n_classes": 2,
                    "feature_type": "SWIM",
                    "upscale_type": "identity",
                    "randfeat_xt_dim": 512,
                    "randfeat_x0_dim": 512,
                    "activation": "tanh",
                    "use_batchnorm": false,
                    "do_linesearch": true,
                    "add_features": false,
                    "n_layers": 2,
                    "hidden_dim": 21,
                    "l2_cls": 0.008754388609482118,
                    "l2_ghat": 0.37279845904455616,
                    "boost_lr": 0.19993659401705735,
                    "SWIM_scale": 1.2664480566380178
                },
                {
                    "in_dim": 21,
                    "n_classes": 2,
                    "feature_type": "SWIM",
                    "upscale_type": "identity",
                    "randfeat_xt_dim": 512,
                    "randfeat_x0_dim": 512,
                    "activation": "tanh",
                    "use_batchnorm": false,
                    "do_linesearch": true,
                    "add_features": false,
                    "n_layers": 9,
                    "hidden_dim": 21,
                    "l2_cls": 2.0314285978098735e-05,
                    "l2_ghat": 6.496314393915613,
                    "boost_lr": 0.10816978781977339,
                    "SWIM_scale": 1.3507220909994868
                }
            ]
        }
    }
}