{
    "6": {
        "End2End_cpu": {
            "score_train": [
                -1.0,
                -1.0,
                -1.0,
                -1.0,
                -1.0
            ],
            "score_test": [
                -0.9459999799728394,
                -0.9399999976158142,
                -0.9419999718666077,
                -0.9319999814033508,
                -0.9580000042915344
            ],
            "t_fit": [
                30.110525645315647,
                38.191063426434994,
                102.5198395550251,
                42.523208394646645,
                52.06239473819733
            ],
            "t_inference": [
                0.2655853107571602,
                0.22919649630784988,
                0.7490209266543388,
                0.2467159777879715,
                0.3788963705301285
            ],
            "hyperparams": [
                {
                    "in_dim": 16,
                    "out_dim": 26,
                    "loss": "cce",
                    "bottleneck_dim": 512,
                    "n_blocks": 2,
                    "hidden_dim": 379,
                    "lr": 0.005414461573568915,
                    "end_lr_factor": 0.026812696616663988,
                    "n_epochs": 34,
                    "weight_decay": 0.0009019442060558812,
                    "batch_size": 128
                },
                {
                    "in_dim": 16,
                    "out_dim": 26,
                    "loss": "cce",
                    "bottleneck_dim": 512,
                    "n_blocks": 3,
                    "hidden_dim": 209,
                    "lr": 0.005121319731870945,
                    "end_lr_factor": 0.06968402623984206,
                    "n_epochs": 47,
                    "weight_decay": 0.000314480141552921,
                    "batch_size": 128
                },
                {
                    "in_dim": 16,
                    "out_dim": 26,
                    "loss": "cce",
                    "bottleneck_dim": 512,
                    "n_blocks": 8,
                    "hidden_dim": 269,
                    "lr": 0.013644393280195769,
                    "end_lr_factor": 0.021727462131331757,
                    "n_epochs": 45,
                    "weight_decay": 0.0006160466210924132,
                    "batch_size": 128
                },
                {
                    "in_dim": 16,
                    "out_dim": 26,
                    "loss": "cce",
                    "bottleneck_dim": 512,
                    "n_blocks": 2,
                    "hidden_dim": 486,
                    "lr": 0.007817138680134537,
                    "end_lr_factor": 0.015014009830764627,
                    "n_epochs": 49,
                    "weight_decay": 0.0006795084231340899,
                    "batch_size": 128
                },
                {
                    "in_dim": 16,
                    "out_dim": 26,
                    "loss": "cce",
                    "bottleneck_dim": 512,
                    "n_blocks": 4,
                    "hidden_dim": 395,
                    "lr": 0.007969521996273722,
                    "end_lr_factor": 0.014692358797284004,
                    "n_epochs": 42,
                    "weight_decay": 0.0009854940959858982,
                    "batch_size": 128
                }
            ]
        }
    }
}