{
    "16": {
        "End2End_cpu": {
            "score_train": [
                -1.0,
                -1.0,
                -1.0,
                -1.0,
                -1.0
            ],
            "score_test": [
                -0.9775000214576721,
                -0.9775000214576721,
                -0.9750000238418579,
                -0.9524999856948853,
                -0.9750000238418579
            ],
            "t_fit": [
                22.383998468518257,
                6.159122422337532,
                11.768890306353569,
                25.38923217356205,
                5.175951302051544
            ],
            "t_inference": [
                0.03411473333835602,
                0.054484814405441284,
                0.06549610197544098,
                0.1725260317325592,
                0.033230528235435486
            ],
            "hyperparams": [
                {
                    "in_dim": 64,
                    "out_dim": 10,
                    "loss": "cce",
                    "bottleneck_dim": 512,
                    "n_blocks": 1,
                    "hidden_dim": 216,
                    "lr": 0.0035049455982901086,
                    "end_lr_factor": 0.5310993650476873,
                    "n_epochs": 41,
                    "weight_decay": 0.00014387814346592692,
                    "batch_size": 128
                },
                {
                    "in_dim": 64,
                    "out_dim": 10,
                    "loss": "cce",
                    "bottleneck_dim": 512,
                    "n_blocks": 1,
                    "hidden_dim": 458,
                    "lr": 0.00473763192009297,
                    "end_lr_factor": 0.8620447527309892,
                    "n_epochs": 33,
                    "weight_decay": 1.2023295261029092e-05,
                    "batch_size": 128
                },
                {
                    "in_dim": 64,
                    "out_dim": 10,
                    "loss": "cce",
                    "bottleneck_dim": 512,
                    "n_blocks": 1,
                    "hidden_dim": 456,
                    "lr": 0.006970684313879897,
                    "end_lr_factor": 0.02651423085302008,
                    "n_epochs": 47,
                    "weight_decay": 0.0008408784499876167,
                    "batch_size": 128
                },
                {
                    "in_dim": 64,
                    "out_dim": 10,
                    "loss": "cce",
                    "bottleneck_dim": 512,
                    "n_blocks": 3,
                    "hidden_dim": 341,
                    "lr": 0.005000144804705541,
                    "end_lr_factor": 0.26441563456455375,
                    "n_epochs": 47,
                    "weight_decay": 6.7747739713210725e-06,
                    "batch_size": 128
                },
                {
                    "in_dim": 64,
                    "out_dim": 10,
                    "loss": "cce",
                    "bottleneck_dim": 512,
                    "n_blocks": 1,
                    "hidden_dim": 244,
                    "lr": 0.006781906738108632,
                    "end_lr_factor": 0.2125518158314622,
                    "n_epochs": 35,
                    "weight_decay": 0.0006912456975113343,
                    "batch_size": 128
                }
            ]
        }
    }
}