{
    "40982": {
        "End2End_cpu": {
            "score_train": [
                -0.9909793734550476,
                -0.8918222784996033,
                -0.9452672004699707,
                -1.0,
                -1.0
            ],
            "score_test": [
                -0.7840616703033447,
                -0.7139175534248352,
                -0.7731958627700806,
                -0.7577319741249084,
                -0.7603092789649963
            ],
            "t_fit": [
                26.804693572223186,
                2.7282771170139313,
                2.7900087982416153,
                51.23848733305931,
                45.77943405508995
            ],
            "t_inference": [
                0.23971854150295258,
                0.06967885047197342,
                0.055317580699920654,
                0.683180920779705,
                0.4669206067919731
            ],
            "hyperparams": [
                {
                    "in_dim": 27,
                    "out_dim": 7,
                    "loss": "cce",
                    "bottleneck_dim": 512,
                    "n_blocks": 5,
                    "hidden_dim": 387,
                    "lr": 0.0005103453462734092,
                    "end_lr_factor": 0.09030214779053333,
                    "n_epochs": 11,
                    "weight_decay": 2.6803754897363055e-06,
                    "batch_size": 128
                },
                {
                    "in_dim": 27,
                    "out_dim": 7,
                    "loss": "cce",
                    "bottleneck_dim": 512,
                    "n_blocks": 1,
                    "hidden_dim": 330,
                    "lr": 0.004691242230654137,
                    "end_lr_factor": 0.01426224193319545,
                    "n_epochs": 11,
                    "weight_decay": 2.378489516594267e-06,
                    "batch_size": 128
                },
                {
                    "in_dim": 27,
                    "out_dim": 7,
                    "loss": "cce",
                    "bottleneck_dim": 512,
                    "n_blocks": 2,
                    "hidden_dim": 240,
                    "lr": 0.0023203283112433457,
                    "end_lr_factor": 0.08955851504811733,
                    "n_epochs": 16,
                    "weight_decay": 1.9452863120686865e-06,
                    "batch_size": 384
                },
                {
                    "in_dim": 27,
                    "out_dim": 7,
                    "loss": "cce",
                    "bottleneck_dim": 512,
                    "n_blocks": 10,
                    "hidden_dim": 458,
                    "lr": 9.654982297286725e-05,
                    "end_lr_factor": 0.124148945009236,
                    "n_epochs": 30,
                    "weight_decay": 1.8852894783109582e-06,
                    "batch_size": 256
                },
                {
                    "in_dim": 27,
                    "out_dim": 7,
                    "loss": "cce",
                    "bottleneck_dim": 512,
                    "n_blocks": 7,
                    "hidden_dim": 431,
                    "lr": 0.000592790957671358,
                    "end_lr_factor": 0.37465323964026587,
                    "n_epochs": 36,
                    "weight_decay": 2.747509435227751e-06,
                    "batch_size": 256
                }
            ]
        }
    }
}