{
    "23381": {
        "End2End_cpu": {
            "score_train": [
                -0.9950000047683716,
                -0.9975000023841858,
                -0.9950000047683716,
                -0.9925000071525574,
                -0.9950000047683716
            ],
            "score_test": [
                -0.5899999737739563,
                -0.5699999928474426,
                -0.5299999713897705,
                -0.6499999761581421,
                -0.5699999928474426
            ],
            "t_fit": [
                34.14255419373512,
                49.109129063785076,
                10.954320166260004,
                23.468840930610895,
                43.28900324553251
            ],
            "t_inference": [
                0.038522228598594666,
                0.04777335375547409,
                0.11889533326029778,
                0.11631202325224876,
                0.051914844661951065
            ],
            "hyperparams": [
                {
                    "in_dim": 156,
                    "out_dim": 1,
                    "loss": "bce",
                    "bottleneck_dim": 512,
                    "n_blocks": 9,
                    "hidden_dim": 127,
                    "lr": 0.0003470266988650413,
                    "end_lr_factor": 0.010994335574766204,
                    "n_epochs": 48,
                    "weight_decay": 0.0003142880890840109,
                    "batch_size": 128
                },
                {
                    "in_dim": 156,
                    "out_dim": 1,
                    "loss": "bce",
                    "bottleneck_dim": 512,
                    "n_blocks": 9,
                    "hidden_dim": 127,
                    "lr": 0.0003470266988650413,
                    "end_lr_factor": 0.010994335574766204,
                    "n_epochs": 48,
                    "weight_decay": 0.0003142880890840109,
                    "batch_size": 128
                },
                {
                    "in_dim": 156,
                    "out_dim": 1,
                    "loss": "bce",
                    "bottleneck_dim": 512,
                    "n_blocks": 10,
                    "hidden_dim": 406,
                    "lr": 0.00022613893795984667,
                    "end_lr_factor": 0.08266383184049986,
                    "n_epochs": 11,
                    "weight_decay": 0.0007191233033447344,
                    "batch_size": 128
                },
                {
                    "in_dim": 156,
                    "out_dim": 1,
                    "loss": "bce",
                    "bottleneck_dim": 512,
                    "n_blocks": 10,
                    "hidden_dim": 400,
                    "lr": 0.005377209305522258,
                    "end_lr_factor": 0.01123532819030283,
                    "n_epochs": 22,
                    "weight_decay": 0.0004955837906912744,
                    "batch_size": 128
                },
                {
                    "in_dim": 156,
                    "out_dim": 1,
                    "loss": "bce",
                    "bottleneck_dim": 512,
                    "n_blocks": 10,
                    "hidden_dim": 112,
                    "lr": 0.00012810528245622697,
                    "end_lr_factor": 0.016751463982093564,
                    "n_epochs": 43,
                    "weight_decay": 0.0002246915601036257,
                    "batch_size": 128
                }
            ]
        }
    }
}