{
    "23": {
        "RFNN": {
            "score_train": [
                -0.5891340970993042,
                -0.5738539695739746,
                -0.558573842048645,
                -0.5928753018379211,
                -0.5962679982185364
            ],
            "score_test": [
                -0.5355932116508484,
                -0.4813559353351593,
                -0.5525423884391785,
                -0.5850340127944946,
                -0.6088435649871826
            ],
            "t_fit": [
                0.25719837844371796,
                0.10536225885152817,
                0.06717421486973763,
                0.3148589916527271,
                0.32881826907396317
            ],
            "t_inference": [
                0.0009130574762821198,
                0.0008085891604423523,
                0.0013021640479564667,
                0.0023283399641513824,
                0.002775236964225769
            ],
            "hyperparams": [
                {
                    "n_layers": 0,
                    "in_dim": 24,
                    "n_classes": 3,
                    "upscale_type": "SWIM",
                    "activation": "tanh",
                    "use_batchnorm": false,
                    "hidden_dim": 76,
                    "SWIM_scale": 0.4531040892814301,
                    "l2_cls": 1.348161313311545e-05
                },
                {
                    "n_layers": 0,
                    "in_dim": 24,
                    "n_classes": 3,
                    "upscale_type": "SWIM",
                    "activation": "tanh",
                    "use_batchnorm": false,
                    "hidden_dim": 66,
                    "SWIM_scale": 0.30468528216437235,
                    "l2_cls": 0.00014760418476086862
                },
                {
                    "n_layers": 0,
                    "in_dim": 24,
                    "n_classes": 3,
                    "upscale_type": "SWIM",
                    "activation": "tanh",
                    "use_batchnorm": false,
                    "hidden_dim": 129,
                    "SWIM_scale": 0.7107739594559358,
                    "l2_cls": 0.004102255038689248
                },
                {
                    "n_layers": 0,
                    "in_dim": 24,
                    "n_classes": 3,
                    "upscale_type": "SWIM",
                    "activation": "tanh",
                    "use_batchnorm": false,
                    "hidden_dim": 302,
                    "SWIM_scale": 0.6389069350038408,
                    "l2_cls": 0.00015724506668183435
                },
                {
                    "n_layers": 0,
                    "in_dim": 24,
                    "n_classes": 3,
                    "upscale_type": "SWIM",
                    "activation": "tanh",
                    "use_batchnorm": false,
                    "hidden_dim": 333,
                    "SWIM_scale": 0.5344747655877292,
                    "l2_cls": 0.00012716897508605052
                }
            ]
        }
    }
}