{
    "28": {
        "RFNN": {
            "score_train": [
                -1.0,
                -1.0,
                -1.0,
                -1.0,
                -1.0
            ],
            "score_test": [
                -0.9900000095367432,
                -0.972000002861023,
                -0.9789999723434448,
                -0.9750000238418579,
                -0.9819999933242798
            ],
            "t_fit": [
                2.7784194499254227,
                3.17954670637846,
                2.4881123900413513,
                3.4738633185625076,
                3.4474531039595604
            ],
            "t_inference": [
                0.017710428684949875,
                0.027353506535291672,
                0.019405879080295563,
                0.026002775877714157,
                0.027537666261196136
            ],
            "hyperparams": [
                {
                    "n_layers": 0,
                    "in_dim": 64,
                    "n_classes": 10,
                    "upscale_type": "SWIM",
                    "activation": "tanh",
                    "use_batchnorm": false,
                    "hidden_dim": 440,
                    "SWIM_scale": 1.8689713185466479,
                    "l2_cls": 1.0042880985368502e-05
                },
                {
                    "n_layers": 0,
                    "in_dim": 64,
                    "n_classes": 10,
                    "upscale_type": "SWIM",
                    "activation": "tanh",
                    "use_batchnorm": false,
                    "hidden_dim": 510,
                    "SWIM_scale": 1.4544016459128488,
                    "l2_cls": 1.2387584999362703e-05
                },
                {
                    "n_layers": 0,
                    "in_dim": 64,
                    "n_classes": 10,
                    "upscale_type": "SWIM",
                    "activation": "tanh",
                    "use_batchnorm": false,
                    "hidden_dim": 366,
                    "SWIM_scale": 1.8729201555731394,
                    "l2_cls": 2.712672454859224e-05
                },
                {
                    "n_layers": 0,
                    "in_dim": 64,
                    "n_classes": 10,
                    "upscale_type": "SWIM",
                    "activation": "tanh",
                    "use_batchnorm": false,
                    "hidden_dim": 445,
                    "SWIM_scale": 1.9781053461470854,
                    "l2_cls": 1.1097851299577973e-05
                },
                {
                    "n_layers": 0,
                    "in_dim": 64,
                    "n_classes": 10,
                    "upscale_type": "SWIM",
                    "activation": "tanh",
                    "use_batchnorm": false,
                    "hidden_dim": 471,
                    "SWIM_scale": 1.7893111852440455,
                    "l2_cls": 1.1928457273590251e-05
                }
            ]
        }
    }
}