{
    "54": {
        "End2End_cpu": {
            "score_train": [
                -0.9970414042472839,
                -0.9911373853683472,
                -0.9911373853683472,
                -0.9778434038162231,
                -0.9926144480705261
            ],
            "score_test": [
                -0.8588235378265381,
                -0.8165680766105652,
                -0.8520709872245789,
                -0.8520709872245789,
                -0.834319531917572
            ],
            "t_fit": [
                4.489003196358681,
                2.4155139103531837,
                10.506041526794434,
                5.577870987355709,
                9.503704078495502
            ],
            "t_inference": [
                0.026679955422878265,
                0.020066343247890472,
                0.07568102329969406,
                0.051547594368457794,
                0.08037091791629791
            ],
            "hyperparams": [
                {
                    "in_dim": 18,
                    "out_dim": 4,
                    "loss": "cce",
                    "bottleneck_dim": 512,
                    "n_blocks": 2,
                    "hidden_dim": 220,
                    "lr": 0.01882991552364954,
                    "end_lr_factor": 0.011092722903136915,
                    "n_epochs": 43,
                    "weight_decay": 0.0009816228973976602,
                    "batch_size": 128
                },
                {
                    "in_dim": 18,
                    "out_dim": 4,
                    "loss": "cce",
                    "bottleneck_dim": 512,
                    "n_blocks": 1,
                    "hidden_dim": 294,
                    "lr": 0.012374167329624725,
                    "end_lr_factor": 0.14871989235042846,
                    "n_epochs": 29,
                    "weight_decay": 3.449838367724252e-05,
                    "batch_size": 128
                },
                {
                    "in_dim": 18,
                    "out_dim": 4,
                    "loss": "cce",
                    "bottleneck_dim": 512,
                    "n_blocks": 5,
                    "hidden_dim": 220,
                    "lr": 0.006738562821130247,
                    "end_lr_factor": 0.0918077622874455,
                    "n_epochs": 43,
                    "weight_decay": 7.660733979666694e-05,
                    "batch_size": 128
                },
                {
                    "in_dim": 18,
                    "out_dim": 4,
                    "loss": "cce",
                    "bottleneck_dim": 512,
                    "n_blocks": 2,
                    "hidden_dim": 414,
                    "lr": 0.008541094221265385,
                    "end_lr_factor": 0.10345384977638927,
                    "n_epochs": 32,
                    "weight_decay": 0.000503651310048548,
                    "batch_size": 128
                },
                {
                    "in_dim": 18,
                    "out_dim": 4,
                    "loss": "cce",
                    "bottleneck_dim": 512,
                    "n_blocks": 4,
                    "hidden_dim": 339,
                    "lr": 0.004045336736277746,
                    "end_lr_factor": 0.0292947469283545,
                    "n_epochs": 37,
                    "weight_decay": 8.121048225246228e-05,
                    "batch_size": 128
                }
            ]
        }
    }
}