{
    "23": {
        "End2End_cpu": {
            "score_train": [
                -0.6612903475761414,
                -0.6876060962677002,
                -0.6774193644523621,
                -0.7082273364067078,
                -0.775233268737793
            ],
            "score_test": [
                -0.5186440944671631,
                -0.4813559353351593,
                -0.5525423884391785,
                -0.5850340127944946,
                -0.5204081535339355
            ],
            "t_fit": [
                3.8399646654725075,
                5.706134237349033,
                2.4054900258779526,
                19.675675570964813,
                3.0198713541030884
            ],
            "t_inference": [
                0.06378664821386337,
                0.08710451424121857,
                0.041708022356033325,
                0.27828697115182877,
                0.02585221827030182
            ],
            "hyperparams": [
                {
                    "in_dim": 24,
                    "out_dim": 3,
                    "loss": "cce",
                    "bottleneck_dim": 512,
                    "n_blocks": 2,
                    "hidden_dim": 324,
                    "lr": 0.06682626099742354,
                    "end_lr_factor": 0.13536123976744605,
                    "n_epochs": 17,
                    "weight_decay": 1.1257247314596641e-06,
                    "batch_size": 128
                },
                {
                    "in_dim": 24,
                    "out_dim": 3,
                    "loss": "cce",
                    "bottleneck_dim": 512,
                    "n_blocks": 2,
                    "hidden_dim": 407,
                    "lr": 0.005188033147066105,
                    "end_lr_factor": 0.17402098177542227,
                    "n_epochs": 26,
                    "weight_decay": 4.869273177241596e-06,
                    "batch_size": 384
                },
                {
                    "in_dim": 24,
                    "out_dim": 3,
                    "loss": "cce",
                    "bottleneck_dim": 512,
                    "n_blocks": 1,
                    "hidden_dim": 424,
                    "lr": 0.01360665404080133,
                    "end_lr_factor": 0.25753715507115366,
                    "n_epochs": 21,
                    "weight_decay": 2.528551835168117e-05,
                    "batch_size": 256
                },
                {
                    "in_dim": 24,
                    "out_dim": 3,
                    "loss": "cce",
                    "bottleneck_dim": 512,
                    "n_blocks": 7,
                    "hidden_dim": 381,
                    "lr": 0.012853287555555868,
                    "end_lr_factor": 0.46953987183673535,
                    "n_epochs": 31,
                    "weight_decay": 1.1121956925895881e-05,
                    "batch_size": 384
                },
                {
                    "in_dim": 24,
                    "out_dim": 3,
                    "loss": "cce",
                    "bottleneck_dim": 512,
                    "n_blocks": 2,
                    "hidden_dim": 115,
                    "lr": 0.023355403109338098,
                    "end_lr_factor": 0.6935780858679504,
                    "n_epochs": 39,
                    "weight_decay": 0.00010168563142533559,
                    "batch_size": 512
                }
            ]
        }
    }
}