{
    "4538": {
        "End2End_cpu": {
            "score_train": [
                -0.9752500057220459,
                -0.9700000286102295,
                -0.987500011920929,
                -0.9797499775886536,
                -0.9825000166893005
            ],
            "score_test": [
                -0.5989999771118164,
                -0.6179999709129333,
                -0.6190000176429749,
                -0.5709999799728394,
                -0.6100000143051147
            ],
            "t_fit": [
                107.57494916766882,
                140.64687935262918,
                204.91438768059015,
                176.4051966741681,
                191.28280741721392
            ],
            "t_inference": [
                0.3784337341785431,
                0.9179917350411415,
                1.3022575378417969,
                1.2522050961852074,
                1.4239994063973427
            ],
            "hyperparams": [
                {
                    "in_dim": 32,
                    "out_dim": 5,
                    "loss": "cce",
                    "bottleneck_dim": 512,
                    "n_blocks": 9,
                    "hidden_dim": 127,
                    "lr": 0.0003470266988650413,
                    "end_lr_factor": 0.010994335574766204,
                    "n_epochs": 48,
                    "weight_decay": 0.0003142880890840109,
                    "batch_size": 128
                },
                {
                    "in_dim": 32,
                    "out_dim": 5,
                    "loss": "cce",
                    "bottleneck_dim": 512,
                    "n_blocks": 8,
                    "hidden_dim": 324,
                    "lr": 0.0007993583323171322,
                    "end_lr_factor": 0.12116359257697741,
                    "n_epochs": 45,
                    "weight_decay": 2.5322475754020536e-05,
                    "batch_size": 256
                },
                {
                    "in_dim": 32,
                    "out_dim": 5,
                    "loss": "cce",
                    "bottleneck_dim": 512,
                    "n_blocks": 10,
                    "hidden_dim": 380,
                    "lr": 0.00014150923692585852,
                    "end_lr_factor": 0.05644910098826392,
                    "n_epochs": 49,
                    "weight_decay": 0.0007377521798541191,
                    "batch_size": 128
                },
                {
                    "in_dim": 32,
                    "out_dim": 5,
                    "loss": "cce",
                    "bottleneck_dim": 512,
                    "n_blocks": 8,
                    "hidden_dim": 415,
                    "lr": 0.00031868097401746825,
                    "end_lr_factor": 0.03682263617784799,
                    "n_epochs": 43,
                    "weight_decay": 0.0008167559377606998,
                    "batch_size": 128
                },
                {
                    "in_dim": 32,
                    "out_dim": 5,
                    "loss": "cce",
                    "bottleneck_dim": 512,
                    "n_blocks": 10,
                    "hidden_dim": 402,
                    "lr": 0.00020752276457213965,
                    "end_lr_factor": 0.01745000938147727,
                    "n_epochs": 44,
                    "weight_decay": 0.0008061229135206807,
                    "batch_size": 128
                }
            ]
        }
    }
}