{
    "37": {
        "RFNN": {
            "score_train": [
                -0.7801302671432495,
                -0.7736156582832336,
                -0.7833876013755798,
                -0.7934959530830383,
                -0.7967479825019836
            ],
            "score_test": [
                -0.7922077775001526,
                -0.7792207598686218,
                -0.7662337422370911,
                -0.6993464231491089,
                -0.7647058963775635
            ],
            "t_fit": [
                0.0277550145983696,
                0.046024709939956665,
                0.05027354508638382,
                0.20290089398622513,
                0.19052932411432266
            ],
            "t_inference": [
                0.0016913935542106628,
                0.0005766451358795166,
                0.00037620216608047485,
                0.0007696002721786499,
                0.0029975175857543945
            ],
            "hyperparams": [
                {
                    "n_layers": 0,
                    "in_dim": 8,
                    "n_classes": 2,
                    "upscale_type": "SWIM",
                    "activation": "tanh",
                    "use_batchnorm": false,
                    "hidden_dim": 435,
                    "SWIM_scale": 0.9291837404289274,
                    "l2_cls": 0.0936041167002282
                },
                {
                    "n_layers": 0,
                    "in_dim": 8,
                    "n_classes": 2,
                    "upscale_type": "SWIM",
                    "activation": "tanh",
                    "use_batchnorm": false,
                    "hidden_dim": 48,
                    "SWIM_scale": 0.931177238093788,
                    "l2_cls": 0.006033403731272795
                },
                {
                    "n_layers": 0,
                    "in_dim": 8,
                    "n_classes": 2,
                    "upscale_type": "SWIM",
                    "activation": "tanh",
                    "use_batchnorm": false,
                    "hidden_dim": 21,
                    "SWIM_scale": 0.3217002193995505,
                    "l2_cls": 0.00012494527052733917
                },
                {
                    "n_layers": 0,
                    "in_dim": 8,
                    "n_classes": 2,
                    "upscale_type": "SWIM",
                    "activation": "tanh",
                    "use_batchnorm": false,
                    "hidden_dim": 41,
                    "SWIM_scale": 1.0910627430912978,
                    "l2_cls": 5.8261925694185175e-05
                },
                {
                    "n_layers": 0,
                    "in_dim": 8,
                    "n_classes": 2,
                    "upscale_type": "SWIM",
                    "activation": "tanh",
                    "use_batchnorm": false,
                    "hidden_dim": 506,
                    "SWIM_scale": 0.4105159312692189,
                    "l2_cls": 0.00021544970381794532
                }
            ]
        }
    }
}