{
    "188": {
        "End2End_cpu": {
            "score_train": [
                -0.8894557952880859,
                -0.872665524482727,
                -0.88285231590271,
                -0.8896434903144836,
                -0.8505942225456238
            ],
            "score_test": [
                -0.6418918967247009,
                -0.6666666865348816,
                -0.7142857313156128,
                -0.6530612111091614,
                -0.6734693646430969
            ],
            "t_fit": [
                18.241764698177576,
                9.946796165779233,
                2.572000840678811,
                2.1329078394919634,
                3.4633893072605133
            ],
            "t_inference": [
                0.14672515913844109,
                0.11118791438639164,
                0.0769971814006567,
                0.069224888458848,
                0.1489369422197342
            ],
            "hyperparams": [
                {
                    "in_dim": 91,
                    "out_dim": 5,
                    "loss": "cce",
                    "bottleneck_dim": 512,
                    "n_blocks": 8,
                    "hidden_dim": 307,
                    "lr": 0.004192112238835254,
                    "end_lr_factor": 0.3772366951738662,
                    "n_epochs": 14,
                    "weight_decay": 3.2975422623222435e-06,
                    "batch_size": 128
                },
                {
                    "in_dim": 91,
                    "out_dim": 5,
                    "loss": "cce",
                    "bottleneck_dim": 512,
                    "n_blocks": 9,
                    "hidden_dim": 120,
                    "lr": 0.004684251681380741,
                    "end_lr_factor": 0.4464527397846397,
                    "n_epochs": 11,
                    "weight_decay": 1.8107453627535564e-06,
                    "batch_size": 128
                },
                {
                    "in_dim": 91,
                    "out_dim": 5,
                    "loss": "cce",
                    "bottleneck_dim": 512,
                    "n_blocks": 7,
                    "hidden_dim": 189,
                    "lr": 0.0036117564222599118,
                    "end_lr_factor": 0.40087277433037144,
                    "n_epochs": 10,
                    "weight_decay": 1.6016653242260613e-06,
                    "batch_size": 128
                },
                {
                    "in_dim": 91,
                    "out_dim": 5,
                    "loss": "cce",
                    "bottleneck_dim": 512,
                    "n_blocks": 6,
                    "hidden_dim": 238,
                    "lr": 0.008082341586333265,
                    "end_lr_factor": 0.6942140321519288,
                    "n_epochs": 11,
                    "weight_decay": 1.1274167169716479e-06,
                    "batch_size": 128
                },
                {
                    "in_dim": 91,
                    "out_dim": 5,
                    "loss": "cce",
                    "bottleneck_dim": 512,
                    "n_blocks": 10,
                    "hidden_dim": 231,
                    "lr": 0.005044853543641101,
                    "end_lr_factor": 0.6732111515650581,
                    "n_epochs": 11,
                    "weight_decay": 2.4398664670860536e-06,
                    "batch_size": 128
                }
            ]
        }
    }
}