{
    "6332": {
        "End2End_cpu": {
            "score_train": [
                -1.0,
                -0.9976851940155029,
                -1.0,
                -0.9861111044883728,
                -1.0
            ],
            "score_test": [
                -0.7777777910232544,
                -0.7870370149612427,
                -0.7962962985038757,
                -0.7685185074806213,
                -0.7407407164573669
            ],
            "t_fit": [
                12.456525733694434,
                5.541572788730264,
                6.151096668094397,
                1.5318790581077337,
                3.2557944878935814
            ],
            "t_inference": [
                0.06484409235417843,
                0.020403461530804634,
                0.04569878801703453,
                0.020993001759052277,
                0.03415064327418804
            ],
            "hyperparams": [
                {
                    "in_dim": 173,
                    "out_dim": 1,
                    "loss": "bce",
                    "bottleneck_dim": 512,
                    "n_blocks": 4,
                    "hidden_dim": 291,
                    "lr": 0.0028858003200211385,
                    "end_lr_factor": 0.42257645990712805,
                    "n_epochs": 15,
                    "weight_decay": 3.4118804264870967e-06,
                    "batch_size": 128
                },
                {
                    "in_dim": 173,
                    "out_dim": 1,
                    "loss": "bce",
                    "bottleneck_dim": 512,
                    "n_blocks": 5,
                    "hidden_dim": 55,
                    "lr": 0.00469644820797296,
                    "end_lr_factor": 0.5102153252227369,
                    "n_epochs": 30,
                    "weight_decay": 0.00012215546900465208,
                    "batch_size": 256
                },
                {
                    "in_dim": 173,
                    "out_dim": 1,
                    "loss": "bce",
                    "bottleneck_dim": 512,
                    "n_blocks": 4,
                    "hidden_dim": 304,
                    "lr": 0.0022173423606945087,
                    "end_lr_factor": 0.2015126141005394,
                    "n_epochs": 42,
                    "weight_decay": 2.5293576359070753e-06,
                    "batch_size": 128
                },
                {
                    "in_dim": 173,
                    "out_dim": 1,
                    "loss": "bce",
                    "bottleneck_dim": 512,
                    "n_blocks": 3,
                    "hidden_dim": 189,
                    "lr": 0.009752365112937034,
                    "end_lr_factor": 0.011710424610952983,
                    "n_epochs": 32,
                    "weight_decay": 0.0002955868558657484,
                    "batch_size": 256
                },
                {
                    "in_dim": 173,
                    "out_dim": 1,
                    "loss": "bce",
                    "bottleneck_dim": 512,
                    "n_blocks": 7,
                    "hidden_dim": 100,
                    "lr": 0.003697720210868535,
                    "end_lr_factor": 0.02480033481458913,
                    "n_epochs": 30,
                    "weight_decay": 3.140712202950072e-05,
                    "batch_size": 128
                }
            ]
        }
    }
}