{
    "11": {
        "RFNN": {
            "score_train": [
                -1.0,
                -0.9980000257492065,
                -1.0,
                -1.0,
                -1.0
            ],
            "score_test": [
                -0.9760000109672546,
                -0.984000027179718,
                -0.984000027179718,
                -0.9760000109672546,
                -0.9760000109672546
            ],
            "t_fit": [
                0.7960808202624321,
                0.4528173841536045,
                1.2510591484606266,
                0.7271828502416611,
                1.4195915162563324
            ],
            "t_inference": [
                0.0025494322180747986,
                0.0023021958768367767,
                0.0030293725430965424,
                0.001423083245754242,
                0.0029716528952121735
            ],
            "hyperparams": [
                {
                    "n_layers": 0,
                    "in_dim": 4,
                    "n_classes": 3,
                    "upscale_type": "SWIM",
                    "activation": "tanh",
                    "use_batchnorm": false,
                    "hidden_dim": 371,
                    "SWIM_scale": 1.1125075091674734,
                    "l2_cls": 0.0002925106895506663
                },
                {
                    "n_layers": 0,
                    "in_dim": 4,
                    "n_classes": 3,
                    "upscale_type": "SWIM",
                    "activation": "tanh",
                    "use_batchnorm": false,
                    "hidden_dim": 398,
                    "SWIM_scale": 1.5693804643847014,
                    "l2_cls": 0.001070705018671325
                },
                {
                    "n_layers": 0,
                    "in_dim": 4,
                    "n_classes": 3,
                    "upscale_type": "SWIM",
                    "activation": "tanh",
                    "use_batchnorm": false,
                    "hidden_dim": 506,
                    "SWIM_scale": 1.5071656687480663,
                    "l2_cls": 1.142292237970283e-05
                },
                {
                    "n_layers": 0,
                    "in_dim": 4,
                    "n_classes": 3,
                    "upscale_type": "SWIM",
                    "activation": "tanh",
                    "use_batchnorm": false,
                    "hidden_dim": 210,
                    "SWIM_scale": 1.252950856632419,
                    "l2_cls": 2.350809654902551e-05
                },
                {
                    "n_layers": 0,
                    "in_dim": 4,
                    "n_classes": 3,
                    "upscale_type": "SWIM",
                    "activation": "tanh",
                    "use_batchnorm": false,
                    "hidden_dim": 509,
                    "SWIM_scale": 1.5601375666571216,
                    "l2_cls": 3.939309552435803e-05
                }
            ]
        }
    }
}