{
    "28": {
        "End2End_cpu": {
            "score_train": [
                -1.0,
                -1.0,
                -1.0,
                -1.0,
                -1.0
            ],
            "score_test": [
                -0.9959999918937683,
                -0.9850000143051147,
                -0.9900000095367432,
                -0.9819999933242798,
                -0.9900000095367432
            ],
            "t_fit": [
                11.903012797236443,
                76.99684683978558,
                8.91916535794735,
                11.272498086094856,
                54.658780217170715
            ],
            "t_inference": [
                0.0758456140756607,
                0.5005363076925278,
                0.0960293561220169,
                0.07957109808921814,
                0.37203797698020935
            ],
            "hyperparams": [
                {
                    "in_dim": 64,
                    "out_dim": 10,
                    "loss": "cce",
                    "bottleneck_dim": 512,
                    "n_blocks": 1,
                    "hidden_dim": 155,
                    "lr": 0.0044964244952844885,
                    "end_lr_factor": 0.03975704291290941,
                    "n_epochs": 44,
                    "weight_decay": 0.0006270591863418792,
                    "batch_size": 256
                },
                {
                    "in_dim": 64,
                    "out_dim": 10,
                    "loss": "cce",
                    "bottleneck_dim": 512,
                    "n_blocks": 3,
                    "hidden_dim": 491,
                    "lr": 0.024644589269355664,
                    "end_lr_factor": 0.012009070784969544,
                    "n_epochs": 48,
                    "weight_decay": 0.0007263438041931367,
                    "batch_size": 128
                },
                {
                    "in_dim": 64,
                    "out_dim": 10,
                    "loss": "cce",
                    "bottleneck_dim": 512,
                    "n_blocks": 1,
                    "hidden_dim": 219,
                    "lr": 0.0029610509491152684,
                    "end_lr_factor": 0.2230590764337267,
                    "n_epochs": 22,
                    "weight_decay": 4.869273177241596e-06,
                    "batch_size": 128
                },
                {
                    "in_dim": 64,
                    "out_dim": 10,
                    "loss": "cce",
                    "bottleneck_dim": 512,
                    "n_blocks": 1,
                    "hidden_dim": 260,
                    "lr": 0.003639574409005587,
                    "end_lr_factor": 0.0113262582691522,
                    "n_epochs": 31,
                    "weight_decay": 1.845672763110208e-05,
                    "batch_size": 128
                },
                {
                    "in_dim": 64,
                    "out_dim": 10,
                    "loss": "cce",
                    "bottleneck_dim": 512,
                    "n_blocks": 6,
                    "hidden_dim": 208,
                    "lr": 0.010627801252332356,
                    "end_lr_factor": 0.07125259994324472,
                    "n_epochs": 41,
                    "weight_decay": 0.0007802933674674286,
                    "batch_size": 128
                }
            ]
        }
    }
}