{
    "22": {
        "RFNN_iid": {
            "score_train": [
                -0.8756250143051147,
                -0.8924999833106995,
                -0.8831250071525574,
                -0.8774999976158142,
                -0.9237499833106995
            ],
            "score_test": [
                -0.800000011920929,
                -0.8349999785423279,
                -0.8374999761581421,
                -0.8075000047683716,
                -0.800000011920929
            ],
            "t_fit": [
                0.2007796559482813,
                0.4646271960809827,
                0.27459237817674875,
                0.17494443291798234,
                0.8518384178169072
            ],
            "t_inference": [
                0.0031875809654593468,
                0.007754713762551546,
                0.003183310851454735,
                0.004306306131184101,
                0.003293112851679325
            ],
            "hyperparams": [
                {
                    "n_layers": 0,
                    "in_dim": 47,
                    "n_classes": 10,
                    "upscale_type": "iid",
                    "activation": "tanh",
                    "use_batchnorm": false,
                    "hidden_dim": 113,
                    "iid_scale": 0.6456247271474588,
                    "l2_cls": 0.00025389165590919096
                },
                {
                    "n_layers": 0,
                    "in_dim": 47,
                    "n_classes": 10,
                    "upscale_type": "iid",
                    "activation": "tanh",
                    "use_batchnorm": false,
                    "hidden_dim": 313,
                    "iid_scale": 0.6017559351866677,
                    "l2_cls": 0.00018027799390388038
                },
                {
                    "n_layers": 0,
                    "in_dim": 47,
                    "n_classes": 10,
                    "upscale_type": "iid",
                    "activation": "tanh",
                    "use_batchnorm": false,
                    "hidden_dim": 113,
                    "iid_scale": 0.48135671364767385,
                    "l2_cls": 6.0963610503923245e-05
                },
                {
                    "n_layers": 0,
                    "in_dim": 47,
                    "n_classes": 10,
                    "upscale_type": "iid",
                    "activation": "tanh",
                    "use_batchnorm": false,
                    "hidden_dim": 147,
                    "iid_scale": 1.0594404024331667,
                    "l2_cls": 0.001369453656731484
                },
                {
                    "n_layers": 0,
                    "in_dim": 47,
                    "n_classes": 10,
                    "upscale_type": "iid",
                    "activation": "tanh",
                    "use_batchnorm": false,
                    "hidden_dim": 103,
                    "iid_scale": 0.932076092284001,
                    "l2_cls": 1.702809410534744e-05
                }
            ]
        }
    }
}