{
    "32": {
        "End2End_cpu": {
            "score_train": [
                -1.0,
                -0.999750018119812,
                -0.9992499947547913,
                -1.0,
                -1.0
            ],
            "score_test": [
                -0.9890000224113464,
                -0.9869999885559082,
                -0.9959999918937683,
                -0.9919999837875366,
                -0.9929999709129333
            ],
            "t_fit": [
                66.94278014451265,
                13.820550601929426,
                11.287711311131716,
                36.833279237151146,
                17.823518324643373
            ],
            "t_inference": [
                0.4882589988410473,
                0.19853052124381065,
                0.1626279577612877,
                0.2218300886452198,
                0.12483613938093185
            ],
            "hyperparams": [
                {
                    "in_dim": 16,
                    "out_dim": 10,
                    "loss": "cce",
                    "bottleneck_dim": 512,
                    "n_blocks": 3,
                    "hidden_dim": 502,
                    "lr": 0.00018931002747846884,
                    "end_lr_factor": 0.39580186057192396,
                    "n_epochs": 43,
                    "weight_decay": 1.237602460709274e-06,
                    "batch_size": 128
                },
                {
                    "in_dim": 16,
                    "out_dim": 10,
                    "loss": "cce",
                    "bottleneck_dim": 512,
                    "n_blocks": 2,
                    "hidden_dim": 264,
                    "lr": 0.001956513777603689,
                    "end_lr_factor": 0.07613161270609818,
                    "n_epochs": 24,
                    "weight_decay": 9.209362387096503e-06,
                    "batch_size": 256
                },
                {
                    "in_dim": 16,
                    "out_dim": 10,
                    "loss": "cce",
                    "bottleneck_dim": 512,
                    "n_blocks": 2,
                    "hidden_dim": 200,
                    "lr": 0.002655256108891301,
                    "end_lr_factor": 0.23962009176706942,
                    "n_epochs": 20,
                    "weight_decay": 1.8360802212250177e-06,
                    "batch_size": 128
                },
                {
                    "in_dim": 16,
                    "out_dim": 10,
                    "loss": "cce",
                    "bottleneck_dim": 512,
                    "n_blocks": 6,
                    "hidden_dim": 63,
                    "lr": 0.006956612457432522,
                    "end_lr_factor": 0.015778548058973673,
                    "n_epochs": 50,
                    "weight_decay": 0.0006564650950045931,
                    "batch_size": 128
                },
                {
                    "in_dim": 16,
                    "out_dim": 10,
                    "loss": "cce",
                    "bottleneck_dim": 512,
                    "n_blocks": 3,
                    "hidden_dim": 79,
                    "lr": 0.0009373032072922149,
                    "end_lr_factor": 0.04317965881620733,
                    "n_epochs": 35,
                    "weight_decay": 0.00047821537732634155,
                    "batch_size": 128
                }
            ]
        }
    }
}