{
    "151": {
        "End2End_cpu": {
            "score_train": [
                -0.8172500133514404,
                -0.8519999980926514,
                -0.8377500176429749,
                -0.859499990940094,
                -0.9042500257492065
            ],
            "score_test": [
                -0.7839999794960022,
                -0.7990000247955322,
                -0.7760000228881836,
                -0.8029999732971191,
                -0.796999990940094
            ],
            "t_fit": [
                5.865052163600922,
                20.237844541668892,
                9.804356813430786,
                24.474751695990562,
                17.634366810321808
            ],
            "t_inference": [
                0.1488274484872818,
                0.3871001601219177,
                0.06777995824813843,
                0.24724963307380676,
                0.27771157026290894
            ],
            "hyperparams": [
                {
                    "in_dim": 14,
                    "out_dim": 1,
                    "loss": "bce",
                    "bottleneck_dim": 512,
                    "n_blocks": 3,
                    "hidden_dim": 129,
                    "lr": 0.02063652696387536,
                    "end_lr_factor": 0.051507768388930134,
                    "n_epochs": 10,
                    "weight_decay": 1.4336226807511641e-05,
                    "batch_size": 128
                },
                {
                    "in_dim": 14,
                    "out_dim": 1,
                    "loss": "bce",
                    "bottleneck_dim": 512,
                    "n_blocks": 3,
                    "hidden_dim": 396,
                    "lr": 0.0008168737514992343,
                    "end_lr_factor": 0.016092322464108244,
                    "n_epochs": 16,
                    "weight_decay": 2.1576658272361264e-06,
                    "batch_size": 128
                },
                {
                    "in_dim": 14,
                    "out_dim": 1,
                    "loss": "bce",
                    "bottleneck_dim": 512,
                    "n_blocks": 3,
                    "hidden_dim": 43,
                    "lr": 0.07433954379500464,
                    "end_lr_factor": 0.0187986426867169,
                    "n_epochs": 27,
                    "weight_decay": 4.730455217988409e-05,
                    "batch_size": 128
                },
                {
                    "in_dim": 14,
                    "out_dim": 1,
                    "loss": "bce",
                    "bottleneck_dim": 512,
                    "n_blocks": 9,
                    "hidden_dim": 61,
                    "lr": 0.0034125513403206976,
                    "end_lr_factor": 0.03768317797314522,
                    "n_epochs": 23,
                    "weight_decay": 2.220900227417759e-05,
                    "batch_size": 128
                },
                {
                    "in_dim": 14,
                    "out_dim": 1,
                    "loss": "bce",
                    "bottleneck_dim": 512,
                    "n_blocks": 5,
                    "hidden_dim": 168,
                    "lr": 8.889532047950456e-05,
                    "end_lr_factor": 0.017899640802838717,
                    "n_epochs": 23,
                    "weight_decay": 3.1820103236217883e-06,
                    "batch_size": 384
                }
            ]
        }
    }
}