{
    "182": {
        "RFRBoost_ID_batchnormFalse": {
            "score_train": [
                -0.965499997138977,
                -0.9480000138282776,
                -0.9595000147819519,
                -0.9777500033378601,
                -0.9677500128746033
            ],
            "score_test": [
                -0.9089999794960022,
                -0.9110000133514404,
                -0.8949999809265137,
                -0.9150000214576721,
                -0.925000011920929
            ],
            "t_fit": [
                6.641101032495499,
                1.5569741316139698,
                2.604173757135868,
                4.613329064100981,
                2.4246686473488808
            ],
            "t_inference": [
                0.4965560548007488,
                0.15609712526202202,
                0.2961926944553852,
                0.4094778262078762,
                0.23765945434570312
            ],
            "hyperparams": [
                {
                    "in_dim": 36,
                    "n_classes": 6,
                    "feature_type": "SWIM",
                    "upscale_type": "identity",
                    "randfeat_xt_dim": 512,
                    "randfeat_x0_dim": 512,
                    "activation": "tanh",
                    "use_batchnorm": false,
                    "do_linesearch": true,
                    "n_layers": 7,
                    "hidden_dim": 36,
                    "l2_cls": 6.387513256223721e-05,
                    "l2_ghat": 0.008756442190620493,
                    "boost_lr": 0.5006943914176495,
                    "SWIM_scale": 1.4386995944066399
                },
                {
                    "in_dim": 36,
                    "n_classes": 6,
                    "feature_type": "SWIM",
                    "upscale_type": "identity",
                    "randfeat_xt_dim": 512,
                    "randfeat_x0_dim": 512,
                    "activation": "tanh",
                    "use_batchnorm": false,
                    "do_linesearch": true,
                    "n_layers": 2,
                    "hidden_dim": 36,
                    "l2_cls": 0.002804123512217598,
                    "l2_ghat": 0.00013218933536818052,
                    "boost_lr": 0.4642139415048094,
                    "SWIM_scale": 0.9691508569557533
                },
                {
                    "in_dim": 36,
                    "n_classes": 6,
                    "feature_type": "SWIM",
                    "upscale_type": "identity",
                    "randfeat_xt_dim": 512,
                    "randfeat_x0_dim": 512,
                    "activation": "tanh",
                    "use_batchnorm": false,
                    "do_linesearch": true,
                    "n_layers": 4,
                    "hidden_dim": 36,
                    "l2_cls": 0.24235057309431823,
                    "l2_ghat": 0.0004955446424760485,
                    "boost_lr": 0.3747319362863473,
                    "SWIM_scale": 1.5779482233541153
                },
                {
                    "in_dim": 36,
                    "n_classes": 6,
                    "feature_type": "SWIM",
                    "upscale_type": "identity",
                    "randfeat_xt_dim": 512,
                    "randfeat_x0_dim": 512,
                    "activation": "tanh",
                    "use_batchnorm": false,
                    "do_linesearch": true,
                    "n_layers": 6,
                    "hidden_dim": 36,
                    "l2_cls": 0.0001489961079673157,
                    "l2_ghat": 4.378515698666936e-05,
                    "boost_lr": 0.8594548800709523,
                    "SWIM_scale": 0.8923403789616999
                },
                {
                    "in_dim": 36,
                    "n_classes": 6,
                    "feature_type": "SWIM",
                    "upscale_type": "identity",
                    "randfeat_xt_dim": 512,
                    "randfeat_x0_dim": 512,
                    "activation": "tanh",
                    "use_batchnorm": false,
                    "do_linesearch": true,
                    "n_layers": 3,
                    "hidden_dim": 36,
                    "l2_cls": 0.005770471421882561,
                    "l2_ghat": 2.966709427718241e-05,
                    "boost_lr": 0.4637216751520244,
                    "SWIM_scale": 1.1526143820318795
                }
            ]
        }
    }
}