{
    "188": {
        "End2End_cpu": {
            "score_train": [
                -0.9472789168357849,
                -0.9490662217140198,
                -0.971137523651123,
                -0.8438030481338501,
                -0.8200339674949646
            ],
            "score_test": [
                -0.6283783912658691,
                -0.6530612111091614,
                -0.6530612111091614,
                -0.5646258592605591,
                -0.6734693646430969
            ],
            "t_fit": [
                4.018159091472626,
                14.375788681209087,
                6.3726144433021545,
                2.7647079303860664,
                3.7736246436834335
            ],
            "t_inference": [
                0.05812189728021622,
                0.19121786206960678,
                0.07537481933832169,
                0.07857099175453186,
                0.06221683323383331
            ],
            "hyperparams": [
                {
                    "in_dim": 91,
                    "out_dim": 5,
                    "loss": "cce",
                    "bottleneck_dim": 512,
                    "n_blocks": 5,
                    "hidden_dim": 232,
                    "lr": 0.004555416033012278,
                    "end_lr_factor": 0.02315836745554004,
                    "n_epochs": 24,
                    "weight_decay": 0.0004280822850895147,
                    "batch_size": 128
                },
                {
                    "in_dim": 91,
                    "out_dim": 5,
                    "loss": "cce",
                    "bottleneck_dim": 512,
                    "n_blocks": 9,
                    "hidden_dim": 387,
                    "lr": 0.005737144496590681,
                    "end_lr_factor": 0.013710819010256428,
                    "n_epochs": 31,
                    "weight_decay": 2.6530150892739044e-05,
                    "batch_size": 128
                },
                {
                    "in_dim": 91,
                    "out_dim": 5,
                    "loss": "cce",
                    "bottleneck_dim": 512,
                    "n_blocks": 10,
                    "hidden_dim": 139,
                    "lr": 0.004614496627739649,
                    "end_lr_factor": 0.010751827940713648,
                    "n_epochs": 27,
                    "weight_decay": 0.000248207624495199,
                    "batch_size": 128
                },
                {
                    "in_dim": 91,
                    "out_dim": 5,
                    "loss": "cce",
                    "bottleneck_dim": 512,
                    "n_blocks": 4,
                    "hidden_dim": 431,
                    "lr": 0.004570563099801453,
                    "end_lr_factor": 0.15751320499779725,
                    "n_epochs": 12,
                    "weight_decay": 2.9375384576328313e-06,
                    "batch_size": 128
                },
                {
                    "in_dim": 91,
                    "out_dim": 5,
                    "loss": "cce",
                    "bottleneck_dim": 512,
                    "n_blocks": 8,
                    "hidden_dim": 130,
                    "lr": 0.029255058837900583,
                    "end_lr_factor": 0.019207472393300902,
                    "n_epochs": 21,
                    "weight_decay": 1.9579815400502673e-06,
                    "batch_size": 128
                }
            ]
        }
    }
}