{
    "182": {
        "End2End_cpu": {
            "score_train": [
                -0.9977499842643738,
                -0.9769999980926514,
                -0.9887499809265137,
                -0.984499990940094,
                -1.0
            ],
            "score_test": [
                -0.8980000019073486,
                -0.906000018119812,
                -0.9120000004768372,
                -0.9190000295639038,
                -0.921999990940094
            ],
            "t_fit": [
                16.227659955620766,
                131.1811920851469,
                17.058624789118767,
                68.19730269908905,
                37.994988799095154
            ],
            "t_inference": [
                0.15483738481998444,
                0.8890639990568161,
                0.09884922206401825,
                0.4066806584596634,
                0.5458017438650131
            ],
            "hyperparams": [
                {
                    "in_dim": 36,
                    "out_dim": 6,
                    "loss": "cce",
                    "bottleneck_dim": 512,
                    "n_blocks": 2,
                    "hidden_dim": 168,
                    "lr": 0.0036968925554830795,
                    "end_lr_factor": 0.23943990288466524,
                    "n_epochs": 40,
                    "weight_decay": 3.7310754576580134e-05,
                    "batch_size": 384
                },
                {
                    "in_dim": 36,
                    "out_dim": 6,
                    "loss": "cce",
                    "bottleneck_dim": 512,
                    "n_blocks": 10,
                    "hidden_dim": 258,
                    "lr": 0.014382213411788457,
                    "end_lr_factor": 0.09239826947387397,
                    "n_epochs": 47,
                    "weight_decay": 1.2406381655320841e-05,
                    "batch_size": 128
                },
                {
                    "in_dim": 36,
                    "out_dim": 6,
                    "loss": "cce",
                    "bottleneck_dim": 512,
                    "n_blocks": 1,
                    "hidden_dim": 312,
                    "lr": 0.006253658973300199,
                    "end_lr_factor": 0.01187331782367708,
                    "n_epochs": 40,
                    "weight_decay": 0.0002554596998790829,
                    "batch_size": 128
                },
                {
                    "in_dim": 36,
                    "out_dim": 6,
                    "loss": "cce",
                    "bottleneck_dim": 512,
                    "n_blocks": 10,
                    "hidden_dim": 147,
                    "lr": 0.007001029733742798,
                    "end_lr_factor": 0.017702735944759466,
                    "n_epochs": 37,
                    "weight_decay": 7.210303752508006e-05,
                    "batch_size": 128
                },
                {
                    "in_dim": 36,
                    "out_dim": 6,
                    "loss": "cce",
                    "bottleneck_dim": 512,
                    "n_blocks": 4,
                    "hidden_dim": 458,
                    "lr": 8.99135968053573e-05,
                    "end_lr_factor": 0.014203758382681519,
                    "n_epochs": 22,
                    "weight_decay": 1.458552911965706e-05,
                    "batch_size": 128
                }
            ]
        }
    }
}