{
    "32": {
        "End2End_cpu": {
            "score_train": [
                -0.999750018119812,
                -0.999750018119812,
                -0.9994999766349792,
                -1.0,
                -0.999750018119812
            ],
            "score_test": [
                -0.9900000095367432,
                -0.9919999837875366,
                -0.9940000176429749,
                -0.9929999709129333,
                -0.9929999709129333
            ],
            "t_fit": [
                88.92759006470442,
                27.051853481680155,
                48.66573262959719,
                51.97959923744202,
                51.37738073989749
            ],
            "t_inference": [
                0.5678259283304214,
                0.1656908392906189,
                0.30911659449338913,
                0.27044032886624336,
                0.3307034485042095
            ],
            "hyperparams": [
                {
                    "in_dim": 16,
                    "out_dim": 10,
                    "loss": "cce",
                    "bottleneck_dim": 512,
                    "n_blocks": 9,
                    "hidden_dim": 127,
                    "lr": 0.0034702669886504172,
                    "end_lr_factor": 0.010994335574766204,
                    "n_epochs": 48,
                    "weight_decay": 0.0003142880890840109,
                    "batch_size": 128
                },
                {
                    "in_dim": 16,
                    "out_dim": 10,
                    "loss": "cce",
                    "bottleneck_dim": 512,
                    "n_blocks": 3,
                    "hidden_dim": 134,
                    "lr": 0.004151869074279524,
                    "end_lr_factor": 0.011895953979898488,
                    "n_epochs": 42,
                    "weight_decay": 0.00098331349868203,
                    "batch_size": 128
                },
                {
                    "in_dim": 16,
                    "out_dim": 10,
                    "loss": "cce",
                    "bottleneck_dim": 512,
                    "n_blocks": 6,
                    "hidden_dim": 111,
                    "lr": 0.012076870166604962,
                    "end_lr_factor": 0.034714005498320114,
                    "n_epochs": 45,
                    "weight_decay": 0.0006824988695253829,
                    "batch_size": 128
                },
                {
                    "in_dim": 16,
                    "out_dim": 10,
                    "loss": "cce",
                    "bottleneck_dim": 512,
                    "n_blocks": 6,
                    "hidden_dim": 162,
                    "lr": 0.008491108609790307,
                    "end_lr_factor": 0.010907734827670372,
                    "n_epochs": 42,
                    "weight_decay": 0.00015209090783679038,
                    "batch_size": 128
                },
                {
                    "in_dim": 16,
                    "out_dim": 10,
                    "loss": "cce",
                    "bottleneck_dim": 512,
                    "n_blocks": 6,
                    "hidden_dim": 134,
                    "lr": 0.01317058846796372,
                    "end_lr_factor": 0.014275544524612088,
                    "n_epochs": 45,
                    "weight_decay": 0.00037181972978922375,
                    "batch_size": 128
                }
            ]
        }
    }
}