{
    "182": {
        "RFNN": {
            "score_train": [
                -0.9347500205039978,
                -0.9505000114440918,
                -0.9537500143051147,
                -0.9362499713897705,
                -0.9424999952316284
            ],
            "score_test": [
                -0.9070000052452087,
                -0.9089999794960022,
                -0.8949999809265137,
                -0.9110000133514404,
                -0.9179999828338623
            ],
            "t_fit": [
                2.986334287095815,
                7.251015634741634,
                8.239639996085316,
                5.891453209798783,
                5.250098321121186
            ],
            "t_inference": [
                0.021350867114961147,
                0.049854918383061886,
                0.05377225996926427,
                0.022425739094614983,
                0.04069988988339901
            ],
            "hyperparams": [
                {
                    "n_layers": 0,
                    "in_dim": 36,
                    "n_classes": 6,
                    "upscale_type": "SWIM",
                    "activation": "tanh",
                    "use_batchnorm": false,
                    "hidden_dim": 376,
                    "SWIM_scale": 1.5785368235715123,
                    "l2_cls": 1.836652403535173e-05
                },
                {
                    "n_layers": 0,
                    "in_dim": 36,
                    "n_classes": 6,
                    "upscale_type": "SWIM",
                    "activation": "tanh",
                    "use_batchnorm": false,
                    "hidden_dim": 396,
                    "SWIM_scale": 1.6313250217874986,
                    "l2_cls": 1.128575880737498e-05
                },
                {
                    "n_layers": 0,
                    "in_dim": 36,
                    "n_classes": 6,
                    "upscale_type": "SWIM",
                    "activation": "tanh",
                    "use_batchnorm": false,
                    "hidden_dim": 438,
                    "SWIM_scale": 1.72331096539817,
                    "l2_cls": 1.1504004603496897e-05
                },
                {
                    "n_layers": 0,
                    "in_dim": 36,
                    "n_classes": 6,
                    "upscale_type": "SWIM",
                    "activation": "tanh",
                    "use_batchnorm": false,
                    "hidden_dim": 404,
                    "SWIM_scale": 1.2556241679796978,
                    "l2_cls": 1.7074626001153735e-05
                },
                {
                    "n_layers": 0,
                    "in_dim": 36,
                    "n_classes": 6,
                    "upscale_type": "SWIM",
                    "activation": "tanh",
                    "use_batchnorm": false,
                    "hidden_dim": 510,
                    "SWIM_scale": 1.3588631083502911,
                    "l2_cls": 1.5372800863312337e-05
                }
            ]
        }
    }
}