{
    "1063": {
        "RFNN": {
            "score_train": [
                -0.8345323801040649,
                -0.8489208817481995,
                -0.8708133697509766,
                -0.8923444747924805,
                -0.8468899726867676
            ],
            "score_test": [
                -0.8761904835700989,
                -0.8380952477455139,
                -0.807692289352417,
                -0.8269230723381042,
                -0.817307710647583
            ],
            "t_fit": [
                0.06280010472983122,
                0.08190023526549339,
                0.2065886058844626,
                0.36642291070893407,
                0.04137168126180768
            ],
            "t_inference": [
                0.0005120662972331047,
                0.0006659911014139652,
                0.0009562801569700241,
                0.0023621153086423874,
                0.000680701807141304
            ],
            "hyperparams": [
                {
                    "n_layers": 0,
                    "in_dim": 21,
                    "n_classes": 2,
                    "upscale_type": "SWIM",
                    "activation": "tanh",
                    "use_batchnorm": false,
                    "hidden_dim": 21,
                    "SWIM_scale": 0.34107713267424367,
                    "l2_cls": 0.0005445359798922594
                },
                {
                    "n_layers": 0,
                    "in_dim": 21,
                    "n_classes": 2,
                    "upscale_type": "SWIM",
                    "activation": "tanh",
                    "use_batchnorm": false,
                    "hidden_dim": 69,
                    "SWIM_scale": 0.9483345470117934,
                    "l2_cls": 0.004926196170480097
                },
                {
                    "n_layers": 0,
                    "in_dim": 21,
                    "n_classes": 2,
                    "upscale_type": "SWIM",
                    "activation": "tanh",
                    "use_batchnorm": false,
                    "hidden_dim": 126,
                    "SWIM_scale": 0.5230326207742639,
                    "l2_cls": 8.629132190071849e-05
                },
                {
                    "n_layers": 0,
                    "in_dim": 21,
                    "n_classes": 2,
                    "upscale_type": "SWIM",
                    "activation": "tanh",
                    "use_batchnorm": false,
                    "hidden_dim": 391,
                    "SWIM_scale": 1.380248771230672,
                    "l2_cls": 0.0003797694610181273
                },
                {
                    "n_layers": 0,
                    "in_dim": 21,
                    "n_classes": 2,
                    "upscale_type": "SWIM",
                    "activation": "tanh",
                    "use_batchnorm": false,
                    "hidden_dim": 53,
                    "SWIM_scale": 1.5929766568440158,
                    "l2_cls": 0.15570449505128317
                }
            ]
        }
    }
}