{
    "18": {
        "End2End_cpu": {
            "score_train": [
                -0.7706249952316284,
                -0.7718750238418579,
                -0.7749999761581421,
                -0.7799999713897705,
                -0.7718750238418579
            ],
            "score_test": [
                -0.7524999976158142,
                -0.7425000071525574,
                -0.7450000047683716,
                -0.7350000143051147,
                -0.737500011920929
            ],
            "t_fit": [
                16.97386960685253,
                12.277898281812668,
                9.271309599280357,
                7.587173819541931,
                16.02524361014366
            ],
            "t_inference": [
                0.04657469689846039,
                0.16299012303352356,
                0.096915602684021,
                0.11879332363605499,
                0.3405550420284271
            ],
            "hyperparams": [
                {
                    "in_dim": 6,
                    "out_dim": 10,
                    "loss": "cce",
                    "bottleneck_dim": 512,
                    "n_blocks": 2,
                    "hidden_dim": 162,
                    "lr": 0.002863269146324039,
                    "end_lr_factor": 0.4557279302438415,
                    "n_epochs": 12,
                    "weight_decay": 3.0873304100752344e-06,
                    "batch_size": 128
                },
                {
                    "in_dim": 6,
                    "out_dim": 10,
                    "loss": "cce",
                    "bottleneck_dim": 512,
                    "n_blocks": 5,
                    "hidden_dim": 188,
                    "lr": 0.002196538184143716,
                    "end_lr_factor": 0.31140957159774374,
                    "n_epochs": 12,
                    "weight_decay": 2.6982690414104225e-06,
                    "batch_size": 128
                },
                {
                    "in_dim": 6,
                    "out_dim": 10,
                    "loss": "cce",
                    "bottleneck_dim": 512,
                    "n_blocks": 7,
                    "hidden_dim": 95,
                    "lr": 0.009461431328275191,
                    "end_lr_factor": 0.010196174101758403,
                    "n_epochs": 26,
                    "weight_decay": 1.026009457296608e-06,
                    "batch_size": 256
                },
                {
                    "in_dim": 6,
                    "out_dim": 10,
                    "loss": "cce",
                    "bottleneck_dim": 512,
                    "n_blocks": 2,
                    "hidden_dim": 406,
                    "lr": 0.006691808068293112,
                    "end_lr_factor": 0.3087661922577489,
                    "n_epochs": 24,
                    "weight_decay": 3.867142327773991e-05,
                    "batch_size": 256
                },
                {
                    "in_dim": 6,
                    "out_dim": 10,
                    "loss": "cce",
                    "bottleneck_dim": 512,
                    "n_blocks": 8,
                    "hidden_dim": 251,
                    "lr": 0.007439797160450807,
                    "end_lr_factor": 0.20323516497966068,
                    "n_epochs": 20,
                    "weight_decay": 1.3546929580165912e-05,
                    "batch_size": 256
                }
            ]
        }
    }
}