{
    "15": {
        "End2End_cpu": {
            "score_train": [
                -1.0,
                -1.0,
                -0.969588577747345,
                -0.980322003364563,
                -1.0
            ],
            "score_test": [
                -0.9571428298950195,
                -0.949999988079071,
                -0.9857142567634583,
                -0.949999988079071,
                -0.9784172773361206
            ],
            "t_fit": [
                2.2426501885056496,
                5.304976761341095,
                0.6969108730554581,
                2.7007584050297737,
                10.729246862232685
            ],
            "t_inference": [
                0.030873320996761322,
                0.04774976521730423,
                0.007931157946586609,
                0.07214001566171646,
                0.10634654015302658
            ],
            "hyperparams": [
                {
                    "in_dim": 9,
                    "out_dim": 1,
                    "loss": "bce",
                    "bottleneck_dim": 512,
                    "n_blocks": 7,
                    "hidden_dim": 76,
                    "lr": 0.00018265499970366583,
                    "end_lr_factor": 0.05779490787732811,
                    "n_epochs": 25,
                    "weight_decay": 1.0170964395410053e-06,
                    "batch_size": 256
                },
                {
                    "in_dim": 9,
                    "out_dim": 1,
                    "loss": "bce",
                    "bottleneck_dim": 512,
                    "n_blocks": 7,
                    "hidden_dim": 141,
                    "lr": 2.0179114558467043e-05,
                    "end_lr_factor": 0.5370150736427544,
                    "n_epochs": 40,
                    "weight_decay": 2.277323137880749e-05,
                    "batch_size": 256
                },
                {
                    "in_dim": 9,
                    "out_dim": 1,
                    "loss": "bce",
                    "bottleneck_dim": 512,
                    "n_blocks": 2,
                    "hidden_dim": 43,
                    "lr": 6.789053271698483e-05,
                    "end_lr_factor": 0.08168455894760163,
                    "n_epochs": 35,
                    "weight_decay": 3.972110727381911e-06,
                    "batch_size": 384
                },
                {
                    "in_dim": 9,
                    "out_dim": 1,
                    "loss": "bce",
                    "bottleneck_dim": 512,
                    "n_blocks": 4,
                    "hidden_dim": 431,
                    "lr": 0.004570563099801453,
                    "end_lr_factor": 0.15751320499779725,
                    "n_epochs": 12,
                    "weight_decay": 2.9375384576328313e-06,
                    "batch_size": 128
                },
                {
                    "in_dim": 9,
                    "out_dim": 1,
                    "loss": "bce",
                    "bottleneck_dim": 512,
                    "n_blocks": 10,
                    "hidden_dim": 218,
                    "lr": 3.7364659218377955e-05,
                    "end_lr_factor": 0.39174531547929065,
                    "n_epochs": 35,
                    "weight_decay": 1.7611767257702797e-05,
                    "batch_size": 128
                }
            ]
        }
    }
}