{
    "18": {
        "End2End_cpu": {
            "score_train": [
                -0.7881249785423279,
                -0.7793750166893005,
                -0.7643749713897705,
                -0.7718750238418579,
                -0.7856249809265137
            ],
            "score_test": [
                -0.7350000143051147,
                -0.7350000143051147,
                -0.7400000095367432,
                -0.7325000166893005,
                -0.7524999976158142
            ],
            "t_fit": [
                6.720840759575367,
                27.730991877615452,
                20.6661259457469,
                3.9524394050240517,
                1.8431194126605988
            ],
            "t_inference": [
                0.04813428968191147,
                0.19566573202610016,
                0.2730226442217827,
                0.0801176130771637,
                0.028262749314308167
            ],
            "hyperparams": [
                {
                    "in_dim": 6,
                    "out_dim": 10,
                    "loss": "cce",
                    "bottleneck_dim": 512,
                    "n_blocks": 1,
                    "hidden_dim": 330,
                    "lr": 0.0726168760945771,
                    "end_lr_factor": 0.0281539924920212,
                    "n_epochs": 40,
                    "weight_decay": 5.5027727310373825e-06,
                    "batch_size": 128
                },
                {
                    "in_dim": 6,
                    "out_dim": 10,
                    "loss": "cce",
                    "bottleneck_dim": 512,
                    "n_blocks": 5,
                    "hidden_dim": 287,
                    "lr": 0.07447590682494237,
                    "end_lr_factor": 0.010053627452575207,
                    "n_epochs": 46,
                    "weight_decay": 0.00020386616459819394,
                    "batch_size": 128
                },
                {
                    "in_dim": 6,
                    "out_dim": 10,
                    "loss": "cce",
                    "bottleneck_dim": 512,
                    "n_blocks": 9,
                    "hidden_dim": 220,
                    "lr": 0.07678905332327333,
                    "end_lr_factor": 0.025567704164801714,
                    "n_epochs": 25,
                    "weight_decay": 0.00022333387465751673,
                    "batch_size": 128
                },
                {
                    "in_dim": 6,
                    "out_dim": 10,
                    "loss": "cce",
                    "bottleneck_dim": 512,
                    "n_blocks": 2,
                    "hidden_dim": 275,
                    "lr": 0.004201279788547296,
                    "end_lr_factor": 0.38829193670797263,
                    "n_epochs": 19,
                    "weight_decay": 0.000307962547859084,
                    "batch_size": 384
                },
                {
                    "in_dim": 6,
                    "out_dim": 10,
                    "loss": "cce",
                    "bottleneck_dim": 512,
                    "n_blocks": 1,
                    "hidden_dim": 172,
                    "lr": 0.002466880454053371,
                    "end_lr_factor": 0.03028252801823,
                    "n_epochs": 15,
                    "weight_decay": 1.4854985308569358e-06,
                    "batch_size": 128
                }
            ]
        }
    }
}