{
    "40984": {
        "End2End_cpu": {
            "score_train": [
                -0.9778138399124146,
                -0.9718614816665649,
                -0.975649356842041,
                -0.9648268222808838,
                -0.9626623392105103
            ],
            "score_test": [
                -0.9220778942108154,
                -0.9437229633331299,
                -0.911255419254303,
                -0.9242424368858337,
                -0.9329004287719727
            ],
            "t_fit": [
                13.421695832163095,
                19.442146133631468,
                9.432312328368425,
                8.882836554199457,
                3.8100196719169617
            ],
            "t_inference": [
                0.08279624581336975,
                0.12453174591064453,
                0.06348491460084915,
                0.06383779272437096,
                0.019778601825237274
            ],
            "hyperparams": [
                {
                    "in_dim": 16,
                    "out_dim": 7,
                    "loss": "cce",
                    "bottleneck_dim": 512,
                    "n_blocks": 3,
                    "hidden_dim": 158,
                    "lr": 0.000712016293343266,
                    "end_lr_factor": 0.01870793607949691,
                    "n_epochs": 43,
                    "weight_decay": 7.0967328866111845e-06,
                    "batch_size": 128
                },
                {
                    "in_dim": 16,
                    "out_dim": 7,
                    "loss": "cce",
                    "bottleneck_dim": 512,
                    "n_blocks": 8,
                    "hidden_dim": 105,
                    "lr": 0.0013132146746163114,
                    "end_lr_factor": 0.01705042773719697,
                    "n_epochs": 45,
                    "weight_decay": 0.0006519832503498292,
                    "batch_size": 128
                },
                {
                    "in_dim": 16,
                    "out_dim": 7,
                    "loss": "cce",
                    "bottleneck_dim": 512,
                    "n_blocks": 3,
                    "hidden_dim": 93,
                    "lr": 0.0009922938493258852,
                    "end_lr_factor": 0.04566500103885165,
                    "n_epochs": 38,
                    "weight_decay": 2.9588956205343603e-05,
                    "batch_size": 128
                },
                {
                    "in_dim": 16,
                    "out_dim": 7,
                    "loss": "cce",
                    "bottleneck_dim": 512,
                    "n_blocks": 3,
                    "hidden_dim": 94,
                    "lr": 0.02450931221802651,
                    "end_lr_factor": 0.02084548104430591,
                    "n_epochs": 48,
                    "weight_decay": 4.0923017715198884e-05,
                    "batch_size": 256
                },
                {
                    "in_dim": 16,
                    "out_dim": 7,
                    "loss": "cce",
                    "bottleneck_dim": 512,
                    "n_blocks": 1,
                    "hidden_dim": 112,
                    "lr": 0.005273956058257048,
                    "end_lr_factor": 0.06334779301695641,
                    "n_epochs": 33,
                    "weight_decay": 7.457323874483238e-05,
                    "batch_size": 128
                }
            ]
        }
    }
}